objectid,date,title,meeting_type,document_type,location,format
08-18-20-zoning_board_of_appeals_meeting-agenda,08/18/20,Zoning Board of Appeals Meeting - 08/18/20,Zoning Board of Appeals Meeting,Agenda PDF,Via Video-Conference,application/pdf
08-18-20-zoning_board_of_appeals_meeting-minutes,08/18/20,Zoning Board of Appeals Meeting - 08/18/20,Zoning Board of Appeals Meeting,Minutes PDF,Via Video-Conference,application/pdf
08-11-20-planning_board_meeting-agenda,08/11/20,Planning Board Meeting - 08/11/20,Planning Board Meeting,Agenda PDF,Via Video-Conference,application/pdf
08-11-20-planning_board_meeting-minutes,08/11/20,Planning Board Meeting - 08/11/20,Planning Board Meeting,Minutes PDF,Via Video-Conference,application/pdf
07-21-20-zoning_board_of_appeals_meeting-agenda,07/21/20,Zoning Board of Appeals Meeting - 07/21/20,Zoning Board of Appeals Meeting,Agenda PDF,Via Video-Conference,application/pdf
07-21-20-zoning_board_of_appeals_meeting-minutes,07/21/20,Zoning Board of Appeals Meeting - 07/21/20,Zoning Board of Appeals Meeting,Minutes PDF,Via Video-Conference,application/pdf
07-14-20-planning_board_meeting-agenda,07/14/20,Planning Board Meeting - 07/14/20,Planning Board Meeting,Agenda PDF,Via Video-Conference,application/pdf
07-14-20-planning_board_meeting-minutes,07/14/20,Planning Board Meeting - 07/14/20,Planning Board Meeting,Minutes PDF,Via Video-Conference,application/pdf
06-29-20-city_council_workshop-agenda,06/29/20,City Council Workshop - 06/29/20,City Council Workshop,Agenda PDF,Via Video Conference,application/pdf
06-20-20-city_council_workshop-agenda,06/20/20,City Council Workshop - 06/20/20,City Council Workshop,Agenda PDF,Video Conference,application/pdf
06-15-20-city_council_meeting-agenda,06/15/20,City Council Meeting - 06/15/20,City Council Meeting,Agenda PDF,Video Conference,application/pdf
06-15-20-city_council_meeting-minutes,06/15/20,City Council Meeting - 06/15/20,City Council Meeting,Minutes PDF,Video Conference,application/pdf
06-09-20-planning_board_meeting-agenda,06/09/20,Planning Board Meeting - 06/09/20,Planning Board Meeting,Agenda PDF,Via Video-Conference,application/pdf
06-09-20-planning_board_meeting-minutes,06/09/20,Planning Board Meeting - 06/09/20,Planning Board Meeting,Minutes PDF,Via Video-Conference,application/pdf
06-08-20-city_council_workshop-agenda,06/08/20,City Council Workshop - 06/08/20,City Council Workshop,Agenda PDF,Video Conference,application/pdf
06-01-20-city_council_meeting-agenda,06/01/20,City Council Meeting - 06/01/20,City Council Meeting,Agenda PDF,Video Conference,application/pdf
06-01-20-city_council_meeting-minutes,06/01/20,City Council Meeting - 06/01/20,City Council Meeting,Minutes PDF,Video Conference,application/pdf
05-26-20-city_council_workshop-agenda,05/26/20,City Council Workshop - 05/26/20,City Council Workshop,Agenda PDF,Video Conference,application/pdf
05-18-20-city_council_meeting-agenda,05/18/20,City Council Meeting - 05/18/20,City Council Meeting,Agenda PDF,Video Conference,application/pdf
05-18-20-city_council_meeting-minutes,05/18/20,City Council Meeting - 05/18/20,City Council Meeting,Minutes PDF,Video Conference,application/pdf
05-12-20-planning_board_meeting-agenda,05/12/20,Planning Board Meeting - 05/12/20,Planning Board Meeting,Agenda PDF,Via Video-Conference,application/pdf
05-12-20-planning_board_meeting-minutes,05/12/20,Planning Board Meeting - 05/12/20,Planning Board Meeting,Minutes PDF,Via Video-Conference,application/pdf
05-11-20-city_council_workshop-agenda,05/11/20,City Council Workshop - 05/11/20,City Council Workshop,Agenda PDF,Video Conference,application/pdf
05-04-20-city_council_meeting-agenda,05/04/20,City Council Meeting - 05/04/20,City Council Meeting,Agenda PDF,Video Conference,application/pdf
04-27-20-city_council_workshop-agenda,04/27/20,City Council Workshop - 04/27/20,City Council Workshop,Agenda PDF,Video Conference,application/pdf
04-20-20-city_council_meeting-agenda,04/20/20,City Council Meeting - 04/20/20,City Council Meeting,Agenda PDF,Video Conference,application/pdf
04-20-20-city_council_meeting-minutes,04/20/20,City Council Meeting - 04/20/20,City Council Meeting,Minutes PDF,Video Conference,application/pdf
04-14-20-planning_board_meeting-agenda,04/14/20,Planning Board Meeting - 04/14/20,Planning Board Meeting,Agenda PDF,Via Video Conference,application/pdf
04-14-20-planning_board_meeting-minutes,04/14/20,Planning Board Meeting - 04/14/20,Planning Board Meeting,Minutes PDF,Via Video Conference,application/pdf
04-13-20-city_council_workshop-agenda,04/13/20,City Council Workshop - 04/13/20,City Council Workshop,Agenda PDF,Video Conference,application/pdf
04-06-20-city_council_meeting-agenda,04/06/20,City Council Meeting - 04/06/20,City Council Meeting,Agenda PDF,One Municipal Plaza - Courtroom,application/pdf
04-06-20-city_council_meeting-minutes,04/06/20,City Council Meeting - 04/06/20,City Council Meeting,Minutes PDF,One Municipal Plaza - Courtroom,application/pdf
03-30-20-city_council_workshop-agenda,03/30/20,City Council Workshop - 03/30/20,City Council Workshop,Agenda PDF,One Municipal Plaza - Courtroom,application/pdf
03-17-20-zoning_board_of_appeals_meeting-agenda,03/17/20,Zoning Board of Appeals Meeting - 03/17/20,Zoning Board of Appeals Meeting,Agenda PDF,One Municipal Plaza - Courtroom,application/pdf
03-17-20-zoning_board_of_appeals_meeting-minutes,03/17/20,Zoning Board of Appeals Meeting - 03/17/20,Zoning Board of Appeals Meeting,Minutes PDF,One Municipal Plaza - Courtroom,application/pdf
03-16-20-city_council_meeting-agenda,03/16/20,City Council Meeting - 03/16/20,City Council Meeting,Agenda PDF,One Municipal Plaza - Courtroom,application/pdf
03-16-20-city_council_meeting-minutes,03/16/20,City Council Meeting - 03/16/20,City Council Meeting,Minutes PDF,One Municipal Plaza - Courtroom,application/pdf
03-10-20-planning_board_meeting-agenda,03/10/20,Planning Board Meeting - 03/10/20,Planning Board Meeting,Agenda PDF,One Municipal Plaza - Courtroom,application/pdf
03-10-20-planning_board_meeting-minutes,03/10/20,Planning Board Meeting - 03/10/20,Planning Board Meeting,Minutes PDF,One Municipal Plaza - Courtroom,application/pdf
03-09-20-city_council_workshop-agenda,03/09/20,City Council Workshop - 03/09/20,City Council Workshop,Agenda PDF,One Municipal Plaza - Courtroom,application/pdf
03-02-20-city_council_meeting-agenda,03/02/20,City Council Meeting - 03/02/20,City Council Meeting,Agenda PDF,One Municipal Plaza - Courtroom,application/pdf
03-02-20-city_council_meeting-minutes,03/02/20,City Council Meeting - 03/02/20,City Council Meeting,Minutes PDF,One Municipal Plaza - Courtroom,application/pdf
02-24-20-city_council_workshop-agenda,02/24/20,City Council Workshop - 02/24/20,City Council Workshop,Agenda PDF,One Municipal Plaza - Courtroom,application/pdf
02-19-20-zoning_board_of_appeals_meeting-agenda,02/19/20,Zoning Board of Appeals Meeting - 02/19/20,Zoning Board of Appeals Meeting,Agenda PDF,One Municipal Plaza - Courtroom,application/pdf
02-19-20-zoning_board_of_appeals_meeting-minutes,02/19/20,Zoning Board of Appeals Meeting - 02/19/20,Zoning Board of Appeals Meeting,Minutes PDF,One Municipal Plaza - Courtroom,application/pdf
02-18-20-city_council_meeting-agenda,02/18/20,City Council Meeting - 02/18/20,City Council Meeting,Agenda PDF,One Municipal Plaza - Courtroom,application/pdf
02-18-20-city_council_meeting-minutes,02/18/20,City Council Meeting - 02/18/20,City Council Meeting,Minutes PDF,One Municipal Plaza - Courtroom,application/pdf
02-11-20-planning_board_meeting-agenda,02/11/20,Planning Board Meeting - 02/11/20,Planning Board Meeting,Agenda PDF,One Municipal Plaza - Courtroom,application/pdf
02-11-20-planning_board_meeting-minutes,02/11/20,Planning Board Meeting - 02/11/20,Planning Board Meeting,Minutes PDF,One Municipal Plaza - Courtroom,application/pdf
02-10-20-city_council_workshop-agenda,02/10/20,City Council Workshop - 02/10/20,City Council Workshop,Agenda PDF,One Municipal Plaza - Courtroom,application/pdf
02-03-20-city_council_meeting-agenda,02/03/20,City Council Meeting - 02/03/20,City Council Meeting,Agenda PDF,One Municipal Plaza - Courtroom,application/pdf
02-03-20-city_council_meeting-minutes,02/03/20,City Council Meeting - 02/03/20,City Council Meeting,Minutes PDF,One Municipal Plaza - Courtroom,application/pdf
01-27-20-city_council_workshop-agenda,01/27/20,City Council Workshop - 01/27/20,City Council Workshop,Agenda PDF,One Municipal Plaza - Courtroom,application/pdf
01-22-20-zoning_board_of_appeals_meeting-agenda,01/22/20,Zoning Board of Appeals Meeting - 01/22/20,Zoning Board of Appeals Meeting,Agenda PDF,One Municipal Plaza - Courtroom,application/pdf
01-22-20-zoning_board_of_appeals_meeting-minutes,01/22/20,Zoning Board of Appeals Meeting - 01/22/20,Zoning Board of Appeals Meeting,Minutes PDF,One Municipal Plaza - Courtroom,application/pdf
01-21-20-city_council_meeting-agenda,01/21/20,City Council Meeting - 01/21/20,City Council Meeting,Agenda PDF,One Municipal Plaza - Courtroom,application/pdf
01-21-20-city_council_meeting-minutes,01/21/20,City Council Meeting - 01/21/20,City Council Meeting,Minutes PDF,One Municipal Plaza - Courtroom,application/pdf
01-14-20-planning_board_meeting-agenda,01/14/20,Planning Board Meeting - 01/14/20,Planning Board Meeting,Agenda PDF,One Municipal Plaza - Courtroom,application/pdf
01-14-20-planning_board_meeting-minutes,01/14/20,Planning Board Meeting - 01/14/20,Planning Board Meeting,Minutes PDF,One Municipal Plaza - Courtroom,application/pdf
01-13-20-city_council_workshop-agenda,01/13/20,City Council Workshop - 01/13/20,City Council Workshop,Agenda PDF,One Municipal Plaza - Courtroom,application/pdf
01-06-20-city_council_meeting-agenda,01/06/20,City Council Meeting - 01/06/20,City Council Meeting,Agenda PDF,"One Municipal Plaza, Beacon, NY  12508",application/pdf
01-06-20-city_council_meeting-minutes,01/06/20,City Council Meeting - 01/06/20,City Council Meeting,Minutes PDF,"One Municipal Plaza, Beacon, NY  12508",application/pdf
01-06-20-city_council_workshop-agenda,01/06/20,City Council Workshop - 01/06/20,City Council Workshop,Agenda PDF,1 Municipal Plaza - Courtroom,application/pdf
12-17-19-zoning_board_of_appeals_meeting-agenda,12/17/19,Zoning Board of Appeals Meeting - 12/17/19,Zoning Board of Appeals Meeting,Agenda PDF,Meeting postponed at request of applican...,application/pdf
12-16-19-city_council_meeting-agenda,12/16/19,City Council Meeting - 12/16/19,City Council Meeting,Agenda PDF,1 Municipal Plaza - Courtroom,application/pdf
12-16-19-city_council_meeting-minutes,12/16/19,City Council Meeting - 12/16/19,City Council Meeting,Minutes PDF,1 Municipal Plaza - Courtroom,application/pdf
12-10-19-planning_board_meeting-agenda,12/10/19,Planning Board Meeting - 12/10/19,Planning Board Meeting,Agenda PDF,One Municipal Plaza - Courtroom,application/pdf
12-09-19-city_council_workshop-agenda,12/09/19,City Council Workshop - 12/09/19,City Council Workshop,Agenda PDF,1 Municipal Plaza - Courtroom,application/pdf
12-02-19-city_council_meeting-agenda,12/02/19,City Council Meeting - 12/02/19,City Council Meeting,Agenda PDF,1 Municipal Plaza - Courtroom,application/pdf
12-02-19-city_council_meeting-minutes,12/02/19,City Council Meeting - 12/02/19,City Council Meeting,Minutes PDF,1 Municipal Plaza - Courtroom,application/pdf
11-25-19-city_council_workshop-agenda,11/25/19,City Council Workshop - 11/25/19,City Council Workshop,Agenda PDF,1 Municipal Plaza - Courtroom,application/pdf
11-19-19-zoning_board_of_appeals_meeting-agenda,11/19/19,Zoning Board of Appeals Meeting - 11/19/19,Zoning Board of Appeals Meeting,Agenda PDF,One Municipal Plaza - Courtroom,application/pdf
11-19-19-zoning_board_of_appeals_meeting-minutes,11/19/19,Zoning Board of Appeals Meeting - 11/19/19,Zoning Board of Appeals Meeting,Minutes PDF,One Municipal Plaza - Courtroom,application/pdf
11-18-19-city_council_meeting-agenda,11/18/19,City Council Meeting - 11/18/19,City Council Meeting,Agenda PDF,1 Municipal Plaza - Courtroom,application/pdf
11-13-19-planning_board_meeting-agenda,11/13/19,Planning Board Meeting - 11/13/19,Planning Board Meeting,Agenda PDF,One Municipal Plaza - Courtroom,application/pdf
11-13-19-planning_board_meeting-minutes,11/13/19,Planning Board Meeting - 11/13/19,Planning Board Meeting,Minutes PDF,One Municipal Plaza - Courtroom,application/pdf
11-12-19-city_council_workshop-agenda,11/12/19,City Council Workshop - 11/12/19,City Council Workshop,Agenda PDF,1 Municipal Plaza - Courtroom,application/pdf
11-04-19-city_council_meeting-agenda,11/04/19,City Council Meeting - 11/04/19,City Council Meeting,Agenda PDF,1 Municipal Plaza - Courtroom,application/pdf
10-28-19-city_council_workshop-agenda,10/28/19,City Council Workshop - 10/28/19,City Council Workshop,Agenda PDF,1 Municipal Plaza - Courtroom,application/pdf
10-21-19-city_council_meeting-agenda,10/21/19,City Council Meeting - 10/21/19,City Council Meeting,Agenda PDF,1 Municipal Plaza - Courtroom,application/pdf
10-21-19-city_council_meeting-minutes,10/21/19,City Council Meeting - 10/21/19,City Council Meeting,Minutes PDF,1 Municipal Plaza - Courtroom,application/pdf
10-16-19-zoning_board_of_appeals_meeting-agenda,10/16/19,Zoning Board of Appeals Meeting - 10/16/19,Zoning Board of Appeals Meeting,Agenda PDF,One Municipal Plaza - Courtroom,application/pdf
10-16-19-zoning_board_of_appeals_meeting-minutes,10/16/19,Zoning Board of Appeals Meeting - 10/16/19,Zoning Board of Appeals Meeting,Minutes PDF,One Municipal Plaza - Courtroom,application/pdf
10-15-19-city_council_workshop-agenda,10/15/19,City Council Workshop - 10/15/19,City Council Workshop,Agenda PDF,1 Municipal Plaza - Courtroom,application/pdf
10-08-19-planning_board_meeting-agenda,10/08/19,Planning Board Meeting - 10/08/19,Planning Board Meeting,Agenda PDF,One Municipal Plaza - Courtroom,application/pdf
10-08-19-planning_board_meeting-minutes,10/08/19,Planning Board Meeting - 10/08/19,Planning Board Meeting,Minutes PDF,One Municipal Plaza - Courtroom,application/pdf
10-07-19-city_council_meeting-agenda,10/07/19,City Council Meeting - 10/07/19,City Council Meeting,Agenda PDF,1 Municipal Plaza - Courtroom,application/pdf
10-07-19-city_council_meeting-minutes,10/07/19,City Council Meeting - 10/07/19,City Council Meeting,Minutes PDF,1 Municipal Plaza - Courtroom,application/pdf
09-30-19-city_council_workshop-agenda,09/30/19,City Council Workshop - 09/30/19,City Council Workshop,Agenda PDF,1 Municipal Plaza - Courtroom,application/pdf
09-17-19-zoning_board_of_appeals_meeting-agenda,09/17/19,Zoning Board of Appeals Meeting - 09/17/19,Zoning Board of Appeals Meeting,Agenda PDF,One Municipal Plaza - Courtroom,application/pdf
09-17-19-zoning_board_of_appeals_meeting-minutes,09/17/19,Zoning Board of Appeals Meeting - 09/17/19,Zoning Board of Appeals Meeting,Minutes PDF,One Municipal Plaza - Courtroom,application/pdf
09-16-19-city_council_meeting-agenda,09/16/19,City Council Meeting - 09/16/19,City Council Meeting,Agenda PDF,1 Municipal Plaza - Courtroom,application/pdf
09-16-19-city_council_meeting-minutes,09/16/19,City Council Meeting - 09/16/19,City Council Meeting,Minutes PDF,1 Municipal Plaza - Courtroom,application/pdf
09-10-19-planning_board_meeting-agenda,09/10/19,Planning Board Meeting - 09/10/19,Planning Board Meeting,Agenda PDF,One Municipal Plaza - Courtroom,application/pdf
09-10-19-planning_board_meeting-minutes,09/10/19,Planning Board Meeting - 09/10/19,Planning Board Meeting,Minutes PDF,One Municipal Plaza - Courtroom,application/pdf
09-09-19-city_council_workshop-agenda,09/09/19,City Council Workshop - 09/09/19,City Council Workshop,Agenda PDF,1 Municipal Plaza - Courtroom,application/pdf
09-03-19-city_council_meeting-agenda,09/03/19,City Council Meeting - 09/03/19,City Council Meeting,Agenda PDF,1 Municipal Plaza - Courtroom,application/pdf
09-03-19-city_council_meeting-minutes,09/03/19,City Council Meeting - 09/03/19,City Council Meeting,Minutes PDF,1 Municipal Plaza - Courtroom,application/pdf
08-26-19-city_council_workshop-agenda,08/26/19,City Council Workshop - 08/26/19,City Council Workshop,Agenda PDF,1 Municipal Plaza - Courtroom,application/pdf
08-20-19-zoning_board_of_appeals_meeting-agenda,08/20/19,Zoning Board of Appeals Meeting - 08/20/19,Zoning Board of Appeals Meeting,Agenda PDF,One Municipal Plaza - Courtroom,application/pdf
08-20-19-zoning_board_of_appeals_meeting-minutes,08/20/19,Zoning Board of Appeals Meeting - 08/20/19,Zoning Board of Appeals Meeting,Minutes PDF,One Municipal Plaza - Courtroom,application/pdf
08-19-19-city_council_meeting-agenda,08/19/19,City Council Meeting - 08/19/19,City Council Meeting,Agenda PDF,City Hall Conference Room: 1 Municipal P...,application/pdf
08-19-19-city_council_meeting-minutes,08/19/19,City Council Meeting - 08/19/19,City Council Meeting,Minutes PDF,City Hall Conference Room: 1 Municipal P...,application/pdf
08-13-19-planning_board_meeting-agenda,08/13/19,Planning Board Meeting - 08/13/19,Planning Board Meeting,Agenda PDF,One Municipal Plaza - Courtroom,application/pdf
08-13-19-planning_board_meeting-minutes,08/13/19,Planning Board Meeting - 08/13/19,Planning Board Meeting,Minutes PDF,One Municipal Plaza - Courtroom,application/pdf
08-12-19-city_council_workshop-agenda,08/12/19,City Council Workshop - 08/12/19,City Council Workshop,Agenda PDF,"One Municipal Plaza, Beacon, NY  12508",application/pdf
08-05-19-city_council_meeting-agenda,08/05/19,City Council Meeting - 08/05/19,City Council Meeting,Agenda PDF,"One Municipal Plaza, Beacon, NY  12508",application/pdf
08-05-19-city_council_meeting-minutes,08/05/19,City Council Meeting - 08/05/19,City Council Meeting,Minutes PDF,"One Municipal Plaza, Beacon, NY  12508",application/pdf
07-29-19-city_council_workshop-agenda,07/29/19,City Council Workshop - 07/29/19,City Council Workshop,Agenda PDF,1 Municipal Plaza - Courtroom,application/pdf
07-16-19-zoning_board_of_appeals_meeting-agenda,07/16/19,Zoning Board of Appeals Meeting - 07/16/19,Zoning Board of Appeals Meeting,Agenda PDF,One Municipal Plaza - Courtroom,application/pdf
07-16-19-zoning_board_of_appeals_meeting-minutes,07/16/19,Zoning Board of Appeals Meeting - 07/16/19,Zoning Board of Appeals Meeting,Minutes PDF,One Municipal Plaza - Courtroom,application/pdf
07-15-19-city_council_meeting-agenda,07/15/19,City Council Meeting - 07/15/19,City Council Meeting,Agenda PDF,1 Municipal Plaza - Courtroom,application/pdf
07-15-19-city_council_meeting-minutes,07/15/19,City Council Meeting - 07/15/19,City Council Meeting,Minutes PDF,1 Municipal Plaza - Courtroom,application/pdf
07-09-19-planning_board_meeting-agenda,07/09/19,Planning Board Meeting - 07/09/19,Planning Board Meeting,Agenda PDF,One Municipal Plaza - Courtroom,application/pdf
07-09-19-planning_board_meeting-minutes,07/09/19,Planning Board Meeting - 07/09/19,Planning Board Meeting,Minutes PDF,One Municipal Plaza - Courtroom,application/pdf
07-08-19-city_council_workshop-agenda,07/08/19,City Council Workshop - 07/08/19,City Council Workshop,Agenda PDF,"One Municipal Plaza, Beacon, NY  12508",application/pdf
07-01-19-city_council_meeting-agenda,07/01/19,City Council Meeting - 07/01/19,City Council Meeting,Agenda PDF,"One Municipal Plaza, Beacon, NY  12508",application/pdf
07-01-19-city_council_meeting-minutes,07/01/19,City Council Meeting - 07/01/19,City Council Meeting,Minutes PDF,"One Municipal Plaza, Beacon, NY  12508",application/pdf
06-24-19-city_council_workshop-agenda,06/24/19,City Council Workshop - 06/24/19,City Council Workshop,Agenda PDF,Â ,application/pdf
06-17-19-city_council_meeting-agenda,06/17/19,City Council Meeting - 06/17/19,City Council Meeting,Agenda PDF,1 Municipal Plaza - Courtroom,application/pdf
06-17-19-city_council_meeting-minutes,06/17/19,City Council Meeting - 06/17/19,City Council Meeting,Minutes PDF,1 Municipal Plaza - Courtroom,application/pdf
06-11-19-planning_board_meeting-agenda,06/11/19,Planning Board Meeting - 06/11/19,Planning Board Meeting,Agenda PDF,One Municipal Plaza - Courtroom,application/pdf
06-11-19-planning_board_meeting-minutes,06/11/19,Planning Board Meeting - 06/11/19,Planning Board Meeting,Minutes PDF,One Municipal Plaza - Courtroom,application/pdf
06-10-19-city_council_workshop-agenda,06/10/19,City Council Workshop - 06/10/19,City Council Workshop,Agenda PDF,"One Municipal Plaza, Beacon, NY  12508",application/pdf
06-03-19-city_council_meeting-agenda,06/03/19,City Council Meeting - 06/03/19,City Council Meeting,Agenda PDF,"One Municipal Plaza, Beacon, NY  12508",application/pdf
06-03-19-city_council_meeting-minutes,06/03/19,City Council Meeting - 06/03/19,City Council Meeting,Minutes PDF,"One Municipal Plaza, Beacon, NY  12508",application/pdf
05-28-19-city_council_workshop-agenda,05/28/19,City Council Workshop - 05/28/19,City Council Workshop,Agenda PDF,"One Municipal Plaza, Beacon, NY  12508",application/pdf
05-28-19-traffic_safety_meeting-agenda,05/28/19,Traffic Safety Meeting - 05/28/19,Traffic Safety Meeting,Agenda PDF,City Hall Conference Room: 1 Municipal P...,application/pdf
05-21-19-zoning_board_of_appeals_meeting-agenda,05/21/19,Zoning Board of Appeals Meeting - 05/21/19,Zoning Board of Appeals Meeting,Agenda PDF,One Municipal Plaza - Courtroom,application/pdf
05-21-19-zoning_board_of_appeals_meeting-minutes,05/21/19,Zoning Board of Appeals Meeting - 05/21/19,Zoning Board of Appeals Meeting,Minutes PDF,One Municipal Plaza - Courtroom,application/pdf
05-20-19-city_council_meeting-agenda,05/20/19,City Council Meeting - 05/20/19,City Council Meeting,Agenda PDF,1 Municipal Plaza - Courtroom,application/pdf
05-14-19-planning_board_meeting-agenda,05/14/19,Planning Board Meeting - 05/14/19,Planning Board Meeting,Agenda PDF,One Municipal Plaza - Courtroom,application/pdf
05-14-19-planning_board_meeting-minutes,05/14/19,Planning Board Meeting - 05/14/19,Planning Board Meeting,Minutes PDF,One Municipal Plaza - Courtroom,application/pdf
05-13-19-city_council_workshop-agenda,05/13/19,City Council Workshop - 05/13/19,City Council Workshop,Agenda PDF,"One Municipal Plaza, Beacon, NY  12508",application/pdf
05-06-19-city_council_meeting-agenda,05/06/19,City Council Meeting - 05/06/19,City Council Meeting,Agenda PDF,"One Municipal Plaza, Beacon, NY  12508",application/pdf
05-06-19-city_council_meeting-minutes,05/06/19,City Council Meeting - 05/06/19,City Council Meeting,Minutes PDF,"One Municipal Plaza, Beacon, NY  12508",application/pdf
04-29-19-city_council_workshop-agenda,04/29/19,City Council Workshop - 04/29/19,City Council Workshop,Agenda PDF,"One Municipal Plaza, Beacon, NY  12508",application/pdf
04-23-19-traffic_safety_meeting-agenda,04/23/19,Traffic Safety Meeting - 04/23/19,Traffic Safety Meeting,Agenda PDF,City Hall Conference Room: 1 Municipal P...,application/pdf
04-23-19-traffic_safety_meeting-minutes,04/23/19,Traffic Safety Meeting - 04/23/19,Traffic Safety Meeting,Minutes PDF,City Hall Conference Room: 1 Municipal P...,application/pdf
04-16-19-zoning_board_of_appeals_meeting-agenda,04/16/19,Zoning Board of Appeals Meeting - 04/16/19,Zoning Board of Appeals Meeting,Agenda PDF,One Municipal Plaza - Courtroom,application/pdf
04-16-19-zoning_board_of_appeals_meeting-minutes,04/16/19,Zoning Board of Appeals Meeting - 04/16/19,Zoning Board of Appeals Meeting,Minutes PDF,One Municipal Plaza - Courtroom,application/pdf
04-15-19-city_council_meeting-agenda,04/15/19,City Council Meeting - 04/15/19,City Council Meeting,Agenda PDF,City Hall,application/pdf
04-15-19-city_council_meeting-minutes,04/15/19,City Council Meeting - 04/15/19,City Council Meeting,Minutes PDF,City Hall,application/pdf
04-09-19-planning_board_meeting-agenda,04/09/19,Planning Board Meeting - 04/09/19,Planning Board Meeting,Agenda PDF,One Municipal Plaza - Courtroom,application/pdf
04-09-19-planning_board_meeting-minutes,04/09/19,Planning Board Meeting - 04/09/19,Planning Board Meeting,Minutes PDF,One Municipal Plaza - Courtroom,application/pdf
04-08-19-city_council_workshop-agenda,04/08/19,City Council Workshop - 04/08/19,City Council Workshop,Agenda PDF,"One Municipal Plaza, Beacon, NY  12508",application/pdf
04-01-19-city_council_meeting-agenda,04/01/19,City Council Meeting - 04/01/19,City Council Meeting,Agenda PDF,"One Municipal Plaza, Beacon, NY  12508",application/pdf
04-01-19-city_council_meeting-minutes,04/01/19,City Council Meeting - 04/01/19,City Council Meeting,Minutes PDF,"One Municipal Plaza, Beacon, NY  12508",application/pdf
03-26-19-traffic_safety_meeting-agenda,03/26/19,Traffic Safety Meeting - 03/26/19,Traffic Safety Meeting,Agenda PDF,City Hall Conference Room: 1 Municipal P...,application/pdf
03-26-19-traffic_safety_meeting-minutes,03/26/19,Traffic Safety Meeting - 03/26/19,Traffic Safety Meeting,Minutes PDF,City Hall Conference Room: 1 Municipal P...,application/pdf
03-25-19-city_council_workshop-agenda,03/25/19,City Council Workshop - 03/25/19,City Council Workshop,Agenda PDF,"One Municipal Plaza, Beacon, NY  12508",application/pdf
03-19-19-zoning_board_of_appeals_meeting-agenda,03/19/19,Zoning Board of Appeals Meeting - 03/19/19,Zoning Board of Appeals Meeting,Agenda PDF,One Municipal Plaza - Courtroom,application/pdf
03-19-19-zoning_board_of_appeals_meeting-minutes,03/19/19,Zoning Board of Appeals Meeting - 03/19/19,Zoning Board of Appeals Meeting,Minutes PDF,One Municipal Plaza - Courtroom,application/pdf
03-18-19-city_council_meeting-agenda,03/18/19,City Council Meeting - 03/18/19,City Council Meeting,Agenda PDF,City Hall,application/pdf
03-18-19-city_council_meeting-minutes,03/18/19,City Council Meeting - 03/18/19,City Council Meeting,Minutes PDF,City Hall,application/pdf
03-12-19-planning_board_meeting-agenda,03/12/19,Planning Board Meeting - 03/12/19,Planning Board Meeting,Agenda PDF,One Municipal Plaza - Courtroom,application/pdf
03-12-19-planning_board_meeting-minutes,03/12/19,Planning Board Meeting - 03/12/19,Planning Board Meeting,Minutes PDF,One Municipal Plaza - Courtroom,application/pdf
03-11-19-city_council_workshop-agenda,03/11/19,City Council Workshop - 03/11/19,City Council Workshop,Agenda PDF,"One Municipal Plaza, Beacon, NY  12508",application/pdf
03-04-19-city_council_meeting-agenda,03/04/19,City Council Meeting - 03/04/19,City Council Meeting,Agenda PDF,"One Municipal Plaza, Beacon, NY  12508",application/pdf
03-04-19-city_council_meeting-minutes,03/04/19,City Council Meeting - 03/04/19,City Council Meeting,Minutes PDF,"One Municipal Plaza, Beacon, NY  12508",application/pdf
02-25-19-city_council_workshop-agenda,02/25/19,City Council Workshop - 02/25/19,City Council Workshop,Agenda PDF,"One Municipal Plaza, Beacon, NY  12508",application/pdf
02-20-19-zoning_board_of_appeals_meeting-agenda,02/20/19,Zoning Board of Appeals Meeting - 02/20/19,Zoning Board of Appeals Meeting,Agenda PDF,One Municipal Plaza - Courtroom,application/pdf
02-20-19-zoning_board_of_appeals_meeting-minutes,02/20/19,Zoning Board of Appeals Meeting - 02/20/19,Zoning Board of Appeals Meeting,Minutes PDF,One Municipal Plaza - Courtroom,application/pdf
02-19-19-city_council_meeting-agenda,02/19/19,City Council Meeting - 02/19/19,City Council Meeting,Agenda PDF,1 Municipal Plaza - Courtroom,application/pdf
02-19-19-city_council_meeting-minutes,02/19/19,City Council Meeting - 02/19/19,City Council Meeting,Minutes PDF,1 Municipal Plaza - Courtroom,application/pdf
02-13-19-planning_board_meeting-agenda,02/13/19,Planning Board Meeting - 02/13/19,Planning Board Meeting,Agenda PDF,One Municipal Plaza - Courtroom,application/pdf
02-13-19-planning_board_meeting-minutes,02/13/19,Planning Board Meeting - 02/13/19,Planning Board Meeting,Minutes PDF,One Municipal Plaza - Courtroom,application/pdf
02-11-19-city_council_workshop-agenda,02/11/19,City Council Workshop - 02/11/19,City Council Workshop,Agenda PDF,"One Municipal Plaza, Beacon, NY  12508",application/pdf
02-04-19-city_council_meeting-agenda,02/04/19,City Council Meeting - 02/04/19,City Council Meeting,Agenda PDF,"One Municipal Plaza, Beacon, NY  12508",application/pdf
02-04-19-city_council_meeting-minutes,02/04/19,City Council Meeting - 02/04/19,City Council Meeting,Minutes PDF,"One Municipal Plaza, Beacon, NY  12508",application/pdf
01-28-19-city_council_workshop-agenda,01/28/19,City Council Workshop - 01/28/19,City Council Workshop,Agenda PDF,"One Municipal Plaza, Beacon, NY  12508",application/pdf
01-22-19-city_council_meeting-agenda,01/22/19,City Council Meeting - 01/22/19,City Council Meeting,Agenda PDF,1 Municipal Plaza,application/pdf
01-22-19-city_council_meeting-minutes,01/22/19,City Council Meeting - 01/22/19,City Council Meeting,Minutes PDF,1 Municipal Plaza,application/pdf
01-15-19-zoning_board_of_appeals_meeting-agenda,01/15/19,Zoning Board of Appeals Meeting - 01/15/19,Zoning Board of Appeals Meeting,Agenda PDF,One Municipal Plaza - Courtroom,application/pdf
01-15-19-zoning_board_of_appeals_meeting-minutes,01/15/19,Zoning Board of Appeals Meeting - 01/15/19,Zoning Board of Appeals Meeting,Minutes PDF,One Municipal Plaza - Courtroom,application/pdf
01-14-19-city_council_workshop-agenda,01/14/19,City Council Workshop - 01/14/19,City Council Workshop,Agenda PDF,"One Municipal Plaza, Beacon, NY  12508",application/pdf
01-08-19-planning_board_meeting-agenda,01/08/19,Planning Board Meeting - 01/08/19,Planning Board Meeting,Agenda PDF,One Municipal Plaza - Courtroom,application/pdf
01-08-19-planning_board_meeting-minutes,01/08/19,Planning Board Meeting - 01/08/19,Planning Board Meeting,Minutes PDF,One Municipal Plaza - Courtroom,application/pdf
01-07-19-city_council_meeting-agenda,01/07/19,City Council Meeting - 01/07/19,City Council Meeting,Agenda PDF,"One Municipal Plaza, Beacon, NY  12508",application/pdf
01-07-19-city_council_meeting-minutes,01/07/19,City Council Meeting - 01/07/19,City Council Meeting,Minutes PDF,"One Municipal Plaza, Beacon, NY  12508",application/pdf
01-07-19-city_council_workshop-agenda,01/07/19,City Council Workshop - 01/07/19,City Council Workshop,Agenda PDF,1 Municipal Plaza,application/pdf
12-18-18-zoning_board_of_appeals_meeting-agenda,12/18/18,Zoning Board of Appeals Meeting - 12/18/18,Zoning Board of Appeals Meeting,Agenda PDF,One Municipal Plaza - Courtroom,application/pdf
12-18-18-zoning_board_of_appeals_meeting-minutes,12/18/18,Zoning Board of Appeals Meeting - 12/18/18,Zoning Board of Appeals Meeting,Minutes PDF,One Municipal Plaza - Courtroom,application/pdf
12-17-18-city_council_meeting-agenda,12/17/18,City Council Meeting - 12/17/18,City Council Meeting,Agenda PDF,1 Municipal Plaza,application/pdf
12-11-18-planning_board_meeting-agenda,12/11/18,Planning Board Meeting - 12/11/18,Planning Board Meeting,Agenda PDF,One Municipal Plaza - Courtroom,application/pdf
12-11-18-planning_board_meeting-minutes,12/11/18,Planning Board Meeting - 12/11/18,Planning Board Meeting,Minutes PDF,One Municipal Plaza - Courtroom,application/pdf
12-10-18-city_council_workshop-agenda,12/10/18,City Council Workshop - 12/10/18,City Council Workshop,Agenda PDF,"One Municipal Plaza, Beacon, NY  12508",application/pdf
12-03-18-city_council_meeting-agenda,12/03/18,City Council Meeting - 12/03/18,City Council Meeting,Agenda PDF,"One Municipal Plaza, Beacon, NY  12508",application/pdf
12-03-18-city_council_meeting-minutes,12/03/18,City Council Meeting - 12/03/18,City Council Meeting,Minutes PDF,"One Municipal Plaza, Beacon, NY  12508",application/pdf
11-26-18-city_council_workshop-agenda,11/26/18,City Council Workshop - 11/26/18,City Council Workshop,Agenda PDF,"One Municipal Plaza, Beacon, NY  12508",application/pdf
11-20-18-zoning_board_of_appeals_meeting-agenda,11/20/18,Zoning Board of Appeals Meeting - 11/20/18,Zoning Board of Appeals Meeting,Agenda PDF,One Municipal Plaza - Courtroom,application/pdf
11-20-18-zoning_board_of_appeals_meeting-minutes,11/20/18,Zoning Board of Appeals Meeting - 11/20/18,Zoning Board of Appeals Meeting,Minutes PDF,One Municipal Plaza - Courtroom,application/pdf
11-19-18-city_council_meeting-agenda,11/19/18,City Council Meeting - 11/19/18,City Council Meeting,Agenda PDF,1 Municipal Plaza,application/pdf
11-19-18-city_council_meeting-minutes,11/19/18,City Council Meeting - 11/19/18,City Council Meeting,Minutes PDF,1 Municipal Plaza,application/pdf
11-14-18-planning_board_meeting-agenda,11/14/18,Planning Board Meeting - 11/14/18,Planning Board Meeting,Agenda PDF,One Municipal Plaza - Courtroom,application/pdf
11-14-18-planning_board_meeting-minutes,11/14/18,Planning Board Meeting - 11/14/18,Planning Board Meeting,Minutes PDF,One Municipal Plaza - Courtroom,application/pdf
11-13-18-city_council_workshop-agenda,11/13/18,City Council Workshop - 11/13/18,City Council Workshop,Agenda PDF,"One Municipal Plaza, Beacon, NY  12508",application/pdf
11-05-18-city_council_meeting-agenda,11/05/18,City Council Meeting - 11/05/18,City Council Meeting,Agenda PDF,"One Municipal Plaza, Beacon, NY  12508",application/pdf
11-05-18-city_council_meeting-minutes,11/05/18,City Council Meeting - 11/05/18,City Council Meeting,Minutes PDF,"One Municipal Plaza, Beacon, NY  12508",application/pdf
10-29-18-city_council_workshop-agenda,10/29/18,City Council Workshop - 10/29/18,City Council Workshop,Agenda PDF,"One Municipal Plaza, Beacon, NY  12508",application/pdf
10-16-18-zoning_board_of_appeals_meeting-agenda,10/16/18,Zoning Board of Appeals Meeting - 10/16/18,Zoning Board of Appeals Meeting,Agenda PDF,One Municipal Plaza - Courtroom,application/pdf
10-16-18-zoning_board_of_appeals_meeting-minutes,10/16/18,Zoning Board of Appeals Meeting - 10/16/18,Zoning Board of Appeals Meeting,Minutes PDF,One Municipal Plaza - Courtroom,application/pdf
10-15-18-city_council_meeting-agenda,10/15/18,City Council Meeting - 10/15/18,City Council Meeting,Agenda PDF,1 Municipal Plaza,application/pdf
10-15-18-city_council_meeting-minutes,10/15/18,City Council Meeting - 10/15/18,City Council Meeting,Minutes PDF,1 Municipal Plaza,application/pdf
10-10-18-planning_board_meeting-agenda,10/10/18,Planning Board Meeting - 10/10/18,Planning Board Meeting,Agenda PDF,One Municipal Plaza - Courtroom,application/pdf
10-10-18-planning_board_meeting-minutes,10/10/18,Planning Board Meeting - 10/10/18,Planning Board Meeting,Minutes PDF,One Municipal Plaza - Courtroom,application/pdf
10-09-18-city_council_workshop-agenda,10/09/18,City Council Workshop - 10/09/18,City Council Workshop,Agenda PDF,"One Municipal Plaza, Beacon, NY  12508",application/pdf
10-01-18-city_council_meeting-agenda,10/01/18,City Council Meeting - 10/01/18,City Council Meeting,Agenda PDF,"One Municipal Plaza, Beacon, NY  12508",application/pdf
10-01-18-city_council_meeting-minutes,10/01/18,City Council Meeting - 10/01/18,City Council Meeting,Minutes PDF,"One Municipal Plaza, Beacon, NY  12508",application/pdf
09-24-18-city_council_workshop-agenda,09/24/18,City Council Workshop - 09/24/18,City Council Workshop,Agenda PDF,"One Municipal Plaza, Beacon, NY  12508",application/pdf
09-18-18-zoning_board_of_appeals_meeting-agenda,09/18/18,Zoning Board of Appeals Meeting - 09/18/18,Zoning Board of Appeals Meeting,Agenda PDF,One Municipal Plaza - Courtroom,application/pdf
09-18-18-zoning_board_of_appeals_meeting-minutes,09/18/18,Zoning Board of Appeals Meeting - 09/18/18,Zoning Board of Appeals Meeting,Minutes PDF,One Municipal Plaza - Courtroom,application/pdf
09-17-18-city_council_meeting-agenda,09/17/18,City Council Meeting - 09/17/18,City Council Meeting,Agenda PDF,"One Municipal Plaza, Beacon, NY  12508",application/pdf
09-17-18-city_council_meeting-minutes,09/17/18,City Council Meeting - 09/17/18,City Council Meeting,Minutes PDF,"One Municipal Plaza, Beacon, NY  12508",application/pdf
09-11-18-planning_board_meeting-agenda,09/11/18,Planning Board Meeting - 09/11/18,Planning Board Meeting,Agenda PDF,One Municipal Plaza - Courtroom,application/pdf
09-11-18-planning_board_meeting-minutes,09/11/18,Planning Board Meeting - 09/11/18,Planning Board Meeting,Minutes PDF,One Municipal Plaza - Courtroom,application/pdf
09-10-18-city_council_workshop-agenda,09/10/18,City Council Workshop - 09/10/18,City Council Workshop,Agenda PDF,"One Municipal Plaza, Beacon, NY  12508",application/pdf
09-04-18-city_council_meeting-agenda,09/04/18,City Council Meeting - 09/04/18,City Council Meeting,Agenda PDF,"One Municipal Plaza, Beacon, NY  12508",application/pdf
09-04-18-city_council_meeting-minutes,09/04/18,City Council Meeting - 09/04/18,City Council Meeting,Minutes PDF,"One Municipal Plaza, Beacon, NY  12508",application/pdf
08-27-18-city_council_workshop-agenda,08/27/18,City Council Workshop - 08/27/18,City Council Workshop,Agenda PDF,"One Municipal Plaza, Beacon, NY  12508",application/pdf
08-20-18-city_council_meeting-agenda,08/20/18,City Council Meeting - 08/20/18,City Council Meeting,Agenda PDF,"One Municipal Plaza, Beacon, NY  12508",application/pdf
08-20-18-city_council_meeting-minutes,08/20/18,City Council Meeting - 08/20/18,City Council Meeting,Minutes PDF,"One Municipal Plaza, Beacon, NY  12508",application/pdf
08-14-18-planning_board_meeting-agenda,08/14/18,Planning Board Meeting - 08/14/18,Planning Board Meeting,Agenda PDF,One Municipal Plaza - Courtroom,application/pdf
08-14-18-planning_board_meeting-minutes,08/14/18,Planning Board Meeting - 08/14/18,Planning Board Meeting,Minutes PDF,One Municipal Plaza - Courtroom,application/pdf
08-13-18-city_council_workshop-agenda,08/13/18,City Council Workshop - 08/13/18,City Council Workshop,Agenda PDF,"One Municipal Plaza, Beacon, NY  12508",application/pdf
08-06-18-city_council_meeting-agenda,08/06/18,City Council Meeting - 08/06/18,City Council Meeting,Agenda PDF,"One Municipal Plaza, Beacon, NY  12508",application/pdf
08-06-18-city_council_meeting-minutes,08/06/18,City Council Meeting - 08/06/18,City Council Meeting,Minutes PDF,"One Municipal Plaza, Beacon, NY  12508",application/pdf
07-30-18-city_council_workshop-agenda,07/30/18,City Council Workshop - 07/30/18,City Council Workshop,Agenda PDF,"One Municipal Plaza, Beacon, NY  12508",application/pdf
07-17-18-zoning_board_of_appeals_meeting-agenda,07/17/18,Zoning Board of Appeals Meeting - 07/17/18,Zoning Board of Appeals Meeting,Agenda PDF,One Municipal Plaza - Courtroom,application/pdf
07-17-18-zoning_board_of_appeals_meeting-minutes,07/17/18,Zoning Board of Appeals Meeting - 07/17/18,Zoning Board of Appeals Meeting,Minutes PDF,One Municipal Plaza - Courtroom,application/pdf
07-16-18-city_council_meeting-agenda,07/16/18,City Council Meeting - 07/16/18,City Council Meeting,Agenda PDF,"One Municipal Plaza, Beacon, NY  12508",application/pdf
07-16-18-city_council_meeting-minutes,07/16/18,City Council Meeting - 07/16/18,City Council Meeting,Minutes PDF,"One Municipal Plaza, Beacon, NY  12508",application/pdf
07-10-18-planning_board_meeting-agenda,07/10/18,Planning Board Meeting - 07/10/18,Planning Board Meeting,Agenda PDF,One Municipal Plaza - Courtroom,application/pdf
07-10-18-planning_board_meeting-minutes,07/10/18,Planning Board Meeting - 07/10/18,Planning Board Meeting,Minutes PDF,One Municipal Plaza - Courtroom,application/pdf
07-09-18-city_council_workshop-agenda,07/09/18,City Council Workshop - 07/09/18,City Council Workshop,Agenda PDF,"One Municipal Plaza, Beacon, NY  12508",application/pdf
07-02-18-city_council_meeting-agenda,07/02/18,City Council Meeting - 07/02/18,City Council Meeting,Agenda PDF,"One Municipal Plaza, Beacon, NY  12508",application/pdf
07-02-18-city_council_meeting-minutes,07/02/18,City Council Meeting - 07/02/18,City Council Meeting,Minutes PDF,"One Municipal Plaza, Beacon, NY  12508",application/pdf
06-25-18-city_council_workshop-agenda,06/25/18,City Council Workshop - 06/25/18,City Council Workshop,Agenda PDF,"One Municipal Plaza, Beacon, NY  12508",application/pdf
06-19-18-zoning_board_of_appeals_meeting-agenda,06/19/18,Zoning Board of Appeals Meeting - 06/19/18,Zoning Board of Appeals Meeting,Agenda PDF,One Municipal Plaza - Courtroom,application/pdf
06-19-18-zoning_board_of_appeals_meeting-minutes,06/19/18,Zoning Board of Appeals Meeting - 06/19/18,Zoning Board of Appeals Meeting,Minutes PDF,One Municipal Plaza - Courtroom,application/pdf
06-18-18-city_council_meeting-agenda,06/18/18,City Council Meeting - 06/18/18,City Council Meeting,Agenda PDF,"One Municipal Plaza, Beacon, NY  12508",application/pdf
06-18-18-city_council_meeting-minutes,06/18/18,City Council Meeting - 06/18/18,City Council Meeting,Minutes PDF,"One Municipal Plaza, Beacon, NY  12508",application/pdf
06-12-18-planning_board_meeting-agenda,06/12/18,Planning Board Meeting - 06/12/18,Planning Board Meeting,Agenda PDF,One Municipal Plaza - Courtroom,application/pdf
06-12-18-planning_board_meeting-minutes,06/12/18,Planning Board Meeting - 06/12/18,Planning Board Meeting,Minutes PDF,One Municipal Plaza - Courtroom,application/pdf
06-11-18-city_council_workshop-agenda,06/11/18,City Council Workshop - 06/11/18,City Council Workshop,Agenda PDF,"One Municipal Plaza, Beacon, NY  12508",application/pdf
06-04-18-city_council_meeting-agenda,06/04/18,City Council Meeting - 06/04/18,City Council Meeting,Agenda PDF,"One Municipal Plaza, Beacon, NY  12508",application/pdf
06-04-18-city_council_meeting-minutes,06/04/18,City Council Meeting - 06/04/18,City Council Meeting,Minutes PDF,"One Municipal Plaza, Beacon, NY  12508",application/pdf
05-29-18-city_council_workshop-agenda,05/29/18,City Council Workshop - 05/29/18,City Council Workshop,Agenda PDF,"One Municipal Plaza, Beacon, NY  12508",application/pdf
05-21-18-city_council_meeting-agenda,05/21/18,City Council Meeting - 05/21/18,City Council Meeting,Agenda PDF,"One Municipal Plaza, Beacon, NY  12508",application/pdf
05-21-18-city_council_meeting-minutes,05/21/18,City Council Meeting - 05/21/18,City Council Meeting,Minutes PDF,"One Municipal Plaza, Beacon, NY  12508",application/pdf
05-15-18-zoning_board_of_appeals_meeting-agenda,05/15/18,Zoning Board of Appeals Meeting - 05/15/18,Zoning Board of Appeals Meeting,Agenda PDF,One Municipal Plaza - Courtroom,application/pdf
05-15-18-zoning_board_of_appeals_meeting-minutes,05/15/18,Zoning Board of Appeals Meeting - 05/15/18,Zoning Board of Appeals Meeting,Minutes PDF,One Municipal Plaza - Courtroom,application/pdf
05-14-18-city_council_workshop-agenda,05/14/18,City Council Workshop - 05/14/18,City Council Workshop,Agenda PDF,"One Municipal Plaza, Beacon, NY  12508",application/pdf
05-08-18-planning_board_meeting-agenda,05/08/18,Planning Board Meeting - 05/08/18,Planning Board Meeting,Agenda PDF,One Municipal Plaza - Courtroom,application/pdf
05-08-18-planning_board_meeting-minutes,05/08/18,Planning Board Meeting - 05/08/18,Planning Board Meeting,Minutes PDF,One Municipal Plaza - Courtroom,application/pdf
05-07-18-city_council_meeting-agenda,05/07/18,City Council Meeting - 05/07/18,City Council Meeting,Agenda PDF,"One Municipal Plaza, Beacon, NY  12508",application/pdf
05-07-18-city_council_meeting-minutes,05/07/18,City Council Meeting - 05/07/18,City Council Meeting,Minutes PDF,"One Municipal Plaza, Beacon, NY  12508",application/pdf
04-30-18-city_council_workshop-agenda,04/30/18,City Council Workshop - 04/30/18,City Council Workshop,Agenda PDF,"One Municipal Plaza, Beacon, NY  12508",application/pdf
04-17-18-zoning_board_of_appeals_meeting-agenda,04/17/18,Zoning Board of Appeals Meeting - 04/17/18,Zoning Board of Appeals Meeting,Agenda PDF,One Municipal Plaza - Courtroom,application/pdf
04-17-18-zoning_board_of_appeals_meeting-minutes,04/17/18,Zoning Board of Appeals Meeting - 04/17/18,Zoning Board of Appeals Meeting,Minutes PDF,One Municipal Plaza - Courtroom,application/pdf
04-16-18-city_council_meeting-agenda,04/16/18,City Council Meeting - 04/16/18,City Council Meeting,Agenda PDF,"One Municipal Plaza, Beacon, NY  12508",application/pdf
04-16-18-city_council_meeting-minutes,04/16/18,City Council Meeting - 04/16/18,City Council Meeting,Minutes PDF,"One Municipal Plaza, Beacon, NY  12508",application/pdf
04-10-18-planning_board_meeting-agenda,04/10/18,Planning Board Meeting - 04/10/18,Planning Board Meeting,Agenda PDF,One Municipal Plaza - Courtroom,application/pdf
04-10-18-planning_board_meeting-minutes,04/10/18,Planning Board Meeting - 04/10/18,Planning Board Meeting,Minutes PDF,One Municipal Plaza - Courtroom,application/pdf
04-09-18-city_council_workshop-agenda,04/09/18,City Council Workshop - 04/09/18,City Council Workshop,Agenda PDF,"One Municipal Plaza, Beacon, NY  12508",application/pdf
04-02-18-city_council_meeting-agenda,04/02/18,City Council Meeting - 04/02/18,City Council Meeting,Agenda PDF,"One Municipal Plaza, Beacon ,NY 12508",application/pdf
04-02-18-city_council_meeting-minutes,04/02/18,City Council Meeting - 04/02/18,City Council Meeting,Minutes PDF,"One Municipal Plaza, Beacon ,NY 12508",application/pdf
03-26-18-city_council_workshop-agenda,03/26/18,City Council Workshop - 03/26/18,City Council Workshop,Agenda PDF,"One Municipal Plaza, Beacon, NY  12508",application/pdf
03-20-18-zoning_board_of_appeals_meeting-agenda,03/20/18,Zoning Board of Appeals Meeting - 03/20/18,Zoning Board of Appeals Meeting,Agenda PDF,One Municipal Plaza - Courtroom,application/pdf
03-20-18-zoning_board_of_appeals_meeting-minutes,03/20/18,Zoning Board of Appeals Meeting - 03/20/18,Zoning Board of Appeals Meeting,Minutes PDF,One Municipal Plaza - Courtroom,application/pdf
03-19-18-city_council_meeting-agenda,03/19/18,City Council Meeting - 03/19/18,City Council Meeting,Agenda PDF,"One Municipal Plaza, Beacon, NY  12508",application/pdf
03-19-18-city_council_meeting-minutes,03/19/18,City Council Meeting - 03/19/18,City Council Meeting,Minutes PDF,"One Municipal Plaza, Beacon, NY  12508",application/pdf
03-13-18-planning_board_meeting-agenda,03/13/18,Planning Board Meeting - 03/13/18,Planning Board Meeting,Agenda PDF,One Municipal Plaza - Courtroom,application/pdf
03-13-18-planning_board_meeting-minutes,03/13/18,Planning Board Meeting - 03/13/18,Planning Board Meeting,Minutes PDF,One Municipal Plaza - Courtroom,application/pdf
03-12-18-city_council_workshop-agenda,03/12/18,City Council Workshop - 03/12/18,City Council Workshop,Agenda PDF,"One Municipal Plaza, Beacon, NY  12508",application/pdf
03-05-18-city_council_meeting-agenda,03/05/18,City Council Meeting - 03/05/18,City Council Meeting,Agenda PDF,"One Municipal Plaza, Beacon, NY  12508",application/pdf
03-05-18-city_council_meeting-minutes,03/05/18,City Council Meeting - 03/05/18,City Council Meeting,Minutes PDF,"One Municipal Plaza, Beacon, NY  12508",application/pdf
02-26-18-city_council_workshop-agenda,02/26/18,City Council Workshop - 02/26/18,City Council Workshop,Agenda PDF,"One Municipal Plaza, Beacon, NY  12508",application/pdf
02-21-18-zoning_board_of_appeals_meeting-agenda,02/21/18,Zoning Board of Appeals Meeting - 02/21/18,Zoning Board of Appeals Meeting,Agenda PDF,One Municipal Plaza - Courtroom,application/pdf
02-21-18-zoning_board_of_appeals_meeting-minutes,02/21/18,Zoning Board of Appeals Meeting - 02/21/18,Zoning Board of Appeals Meeting,Minutes PDF,One Municipal Plaza - Courtroom,application/pdf
02-20-18-city_council_meeting-agenda,02/20/18,City Council Meeting - 02/20/18,City Council Meeting,Agenda PDF,"One Municipal Plaza, Beacon, NY  12508",application/pdf
02-20-18-city_council_meeting-minutes,02/20/18,City Council Meeting - 02/20/18,City Council Meeting,Minutes PDF,"One Municipal Plaza, Beacon, NY  12508",application/pdf
02-14-18-planning_board_meeting-agenda,02/14/18,Planning Board Meeting - 02/14/18,Planning Board Meeting,Agenda PDF,One Municipal Plaza - Courtroom,application/pdf
02-14-18-planning_board_meeting-minutes,02/14/18,Planning Board Meeting - 02/14/18,Planning Board Meeting,Minutes PDF,One Municipal Plaza - Courtroom,application/pdf
02-13-18-city_council_workshop-agenda,02/13/18,City Council Workshop - 02/13/18,City Council Workshop,Agenda PDF,"One Municipal Plaza, Beacon, NY  12508",application/pdf
02-05-18-city_council_meeting-agenda,02/05/18,City Council Meeting - 02/05/18,City Council Meeting,Agenda PDF,"One Municipal Plaza, Beacon, NY  12508",application/pdf
02-05-18-city_council_meeting-minutes,02/05/18,City Council Meeting - 02/05/18,City Council Meeting,Minutes PDF,"One Municipal Plaza, Beacon, NY  12508",application/pdf
01-29-18-city_council_workshop-agenda,01/29/18,City Council Workshop - 01/29/18,City Council Workshop,Agenda PDF,"One Municipal Plaza, Beacon, NY  12508",application/pdf
01-17-18-zoning_board_of_appeals_meeting-agenda,01/17/18,Zoning Board of Appeals Meeting - 01/17/18,Zoning Board of Appeals Meeting,Agenda PDF,One Municipal Plaza - Courtroom,application/pdf
01-17-18-zoning_board_of_appeals_meeting-minutes,01/17/18,Zoning Board of Appeals Meeting - 01/17/18,Zoning Board of Appeals Meeting,Minutes PDF,One Municipal Plaza - Courtroom,application/pdf
01-16-18-city_council_meeting-agenda,01/16/18,City Council Meeting - 01/16/18,City Council Meeting,Agenda PDF,"One Municipal Plaza, Beacon, NY  12508",application/pdf
01-16-18-city_council_meeting-minutes,01/16/18,City Council Meeting - 01/16/18,City Council Meeting,Minutes PDF,"One Municipal Plaza, Beacon, NY  12508",application/pdf
01-09-18-planning_board_meeting-agenda,01/09/18,Planning Board Meeting - 01/09/18,Planning Board Meeting,Agenda PDF,One Municipal Plaza - Courtroom,application/pdf
01-09-18-planning_board_meeting-minutes,01/09/18,Planning Board Meeting - 01/09/18,Planning Board Meeting,Minutes PDF,One Municipal Plaza - Courtroom,application/pdf
01-08-18-city_council_workshop-agenda,01/08/18,City Council Workshop - 01/08/18,City Council Workshop,Agenda PDF,"One Municipal Plaza, Beacon, NY  12508",application/pdf
01-02-18-city_council_meeting-agenda,01/02/18,City Council Meeting - 01/02/18,City Council Meeting,Agenda PDF,"One Municipal Plaza, Beacon, NY  12508",application/pdf
01-02-18-city_council_meeting-minutes,01/02/18,City Council Meeting - 01/02/18,City Council Meeting,Minutes PDF,"One Municipal Plaza, Beacon, NY  12508",application/pdf
01-02-18-city_council_workshop-agenda,01/02/18,City Council Workshop - 01/02/18,City Council Workshop,Agenda PDF,"1 Municipal Plaza Beacon, NY 12508-2530",application/pdf
12-19-17-zoning_board_of_appeals_meeting-agenda,12/19/17,Zoning Board of Appeals Meeting - 12/19/17,Zoning Board of Appeals Meeting,Agenda PDF,One Municipal Plaza - Courtroom,application/pdf
12-19-17-zoning_board_of_appeals_meeting-minutes,12/19/17,Zoning Board of Appeals Meeting - 12/19/17,Zoning Board of Appeals Meeting,Minutes PDF,One Municipal Plaza - Courtroom,application/pdf
12-18-17-city_council_meeting-agenda,12/18/17,City Council Meeting - 12/18/17,City Council Meeting,Agenda PDF,"One Municipal Plaza, Beacon, NY  12508",application/pdf
12-18-17-city_council_meeting-minutes,12/18/17,City Council Meeting - 12/18/17,City Council Meeting,Minutes PDF,"One Municipal Plaza, Beacon, NY  12508",application/pdf
12-12-17-planning_board_meeting-agenda,12/12/17,Planning Board Meeting - 12/12/17,Planning Board Meeting,Agenda PDF,One Municipal Plaza - Courtroom,application/pdf
12-12-17-planning_board_meeting-minutes,12/12/17,Planning Board Meeting - 12/12/17,Planning Board Meeting,Minutes PDF,One Municipal Plaza - Courtroom,application/pdf
12-11-17-city_council_workshop-agenda,12/11/17,City Council Workshop - 12/11/17,City Council Workshop,Agenda PDF,"One Municipal Plaza, Beacon, NY  12508",application/pdf
12-11-17-city_council_meeting-agenda,12/11/17,City Council Meeting - 12/11/17,City Council Meeting,Agenda PDF,"One Municipal Plaza, Beacon, NY  12508",application/pdf
12-04-17-city_council_meeting-agenda,12/04/17,City Council Meeting - 12/04/17,City Council Meeting,Agenda PDF,"One Municipal Plaza, Beacon, NY  12508",application/pdf
12-04-17-city_council_meeting-minutes,12/04/17,City Council Meeting - 12/04/17,City Council Meeting,Minutes PDF,"One Municipal Plaza, Beacon, NY  12508",application/pdf
11-21-17-zoning_board_of_appeals_meeting-agenda,11/21/17,Zoning Board of Appeals Meeting - 11/21/17,Zoning Board of Appeals Meeting,Agenda PDF,One Municipal Plaza - Courtroom,application/pdf
11-21-17-zoning_board_of_appeals_meeting-minutes,11/21/17,Zoning Board of Appeals Meeting - 11/21/17,Zoning Board of Appeals Meeting,Minutes PDF,One Municipal Plaza - Courtroom,application/pdf
11-20-17-city_council_meeting-agenda,11/20/17,City Council Meeting - 11/20/17,City Council Meeting,Agenda PDF,"One Municipal Plaza, Beacon, NY  12508",application/pdf
11-14-17-planning_board_meeting-agenda,11/14/17,Planning Board Meeting - 11/14/17,Planning Board Meeting,Agenda PDF,One Municipal Plaza - Courtroom,application/pdf
11-14-17-planning_board_meeting-minutes,11/14/17,Planning Board Meeting - 11/14/17,Planning Board Meeting,Minutes PDF,One Municipal Plaza - Courtroom,application/pdf
11-13-17-city_council_workshop-agenda,11/13/17,City Council Workshop - 11/13/17,City Council Workshop,Agenda PDF,"One Municipal Plaza, Beacon, NY  12508",application/pdf
11-06-17-city_council_meeting-agenda,11/06/17,City Council Meeting - 11/06/17,City Council Meeting,Agenda PDF,"One Municipal Plaza, Beacon, NY  12508",application/pdf
10-30-17-city_council_workshop-agenda,10/30/17,City Council Workshop - 10/30/17,City Council Workshop,Agenda PDF,"One Municipal Plaza, Beacon, NY  12508",application/pdf
10-23-17-city_council_workshop-agenda,10/23/17,City Council Workshop - 10/23/17,City Council Workshop,Agenda PDF,"One Municipal Plaza, Beacon, NY  12508",application/pdf
10-17-17-zoning_board_of_appeals_meeting-agenda,10/17/17,Zoning Board of Appeals Meeting - 10/17/17,Zoning Board of Appeals Meeting,Agenda PDF,One Municipal Plaza - Courtroom,application/pdf
10-17-17-zoning_board_of_appeals_meeting-minutes,10/17/17,Zoning Board of Appeals Meeting - 10/17/17,Zoning Board of Appeals Meeting,Minutes PDF,One Municipal Plaza - Courtroom,application/pdf
10-16-17-city_council_meeting-agenda,10/16/17,City Council Meeting - 10/16/17,City Council Meeting,Agenda PDF,"One Municipal Plaza, Beacon, NY  12508",application/pdf
10-11-17-planning_board_meeting-agenda,10/11/17,Planning Board Meeting - 10/11/17,Planning Board Meeting,Agenda PDF,One Municipal Plaza - Courtroom,application/pdf
10-11-17-planning_board_meeting-minutes,10/11/17,Planning Board Meeting - 10/11/17,Planning Board Meeting,Minutes PDF,One Municipal Plaza - Courtroom,application/pdf
10-10-17-city_council_workshop-agenda,10/10/17,City Council Workshop - 10/10/17,City Council Workshop,Agenda PDF,"One Municipal Plaza, Beacon, NY  12508",application/pdf
10-02-17-city_council_meeting-agenda,10/02/17,City Council Meeting - 10/02/17,City Council Meeting,Agenda PDF,"One Municipal Plaza, Beacon, NY  12508",application/pdf
10-02-17-city_council_meeting-minutes,10/02/17,City Council Meeting - 10/02/17,City Council Meeting,Minutes PDF,"One Municipal Plaza, Beacon, NY  12508",application/pdf
09-25-17-city_council_workshop-agenda,09/25/17,City Council Workshop - 09/25/17,City Council Workshop,Agenda PDF,"One Municipal Plaza, Beacon, NY  12508",application/pdf
09-19-17-zoning_board_of_appeals_meeting-agenda,09/19/17,Zoning Board of Appeals Meeting - 09/19/17,Zoning Board of Appeals Meeting,Agenda PDF,One Municipal Plaza - Courtroom,application/pdf
09-19-17-zoning_board_of_appeals_meeting-minutes,09/19/17,Zoning Board of Appeals Meeting - 09/19/17,Zoning Board of Appeals Meeting,Minutes PDF,One Municipal Plaza - Courtroom,application/pdf
09-18-17-city_council_meeting-agenda,09/18/17,City Council Meeting - 09/18/17,City Council Meeting,Agenda PDF,"One Municipal Plaza, Beacon, NY  12508",application/pdf
09-18-17-city_council_meeting-minutes,09/18/17,City Council Meeting - 09/18/17,City Council Meeting,Minutes PDF,"One Municipal Plaza, Beacon, NY  12508",application/pdf
09-12-17-planning_board_meeting-agenda,09/12/17,Planning Board Meeting - 09/12/17,Planning Board Meeting,Agenda PDF,One Municipal Plaza - Courtroom,application/pdf
09-12-17-planning_board_meeting-minutes,09/12/17,Planning Board Meeting - 09/12/17,Planning Board Meeting,Minutes PDF,One Municipal Plaza - Courtroom,application/pdf
09-11-17-city_council_workshop-agenda,09/11/17,City Council Workshop - 09/11/17,City Council Workshop,Agenda PDF,"One Municipal Plaza, Beacon, NY  12508",application/pdf
09-05-17-city_council_meeting-agenda,09/05/17,City Council Meeting - 09/05/17,City Council Meeting,Agenda PDF,"One Municipal Plaza, Beacon, NY  12508",application/pdf
08-28-17-city_council_workshop-agenda,08/28/17,City Council Workshop - 08/28/17,City Council Workshop,Agenda PDF,"One Municipal Plaza, Beacon, NY  12508",application/pdf
08-21-17-city_council_meeting-agenda,08/21/17,City Council Meeting - 08/21/17,City Council Meeting,Agenda PDF,"One Municipal Plaza, Beacon, NY  12508",application/pdf
08-21-17-city_council_meeting-minutes,08/21/17,City Council Meeting - 08/21/17,City Council Meeting,Minutes PDF,"One Municipal Plaza, Beacon, NY  12508",application/pdf
08-15-17-zoning_board_of_appeals_meeting-agenda,08/15/17,Zoning Board of Appeals Meeting - 08/15/17,Zoning Board of Appeals Meeting,Agenda PDF,One Municipal Plaza - Courtroom,application/pdf
08-15-17-zoning_board_of_appeals_meeting-minutes,08/15/17,Zoning Board of Appeals Meeting - 08/15/17,Zoning Board of Appeals Meeting,Minutes PDF,One Municipal Plaza - Courtroom,application/pdf
08-14-17-city_council_workshop-agenda,08/14/17,City Council Workshop - 08/14/17,City Council Workshop,Agenda PDF,"One Municipal Plaza, Beacon, NY  12508",application/pdf
08-08-17-planning_board_meeting-agenda,08/08/17,Planning Board Meeting - 08/08/17,Planning Board Meeting,Agenda PDF,One Municipal Plaza - Courtroom,application/pdf
08-08-17-planning_board_meeting-minutes,08/08/17,Planning Board Meeting - 08/08/17,Planning Board Meeting,Minutes PDF,One Municipal Plaza - Courtroom,application/pdf
08-07-17-city_council_meeting-agenda,08/07/17,City Council Meeting - 08/07/17,City Council Meeting,Agenda PDF,"One Municipal Plaza, Beacon, NY  12508",application/pdf
08-07-17-city_council_meeting-minutes,08/07/17,City Council Meeting - 08/07/17,City Council Meeting,Minutes PDF,"One Municipal Plaza, Beacon, NY  12508",application/pdf
07-31-17-city_council_workshop-agenda,07/31/17,City Council Workshop - 07/31/17,City Council Workshop,Agenda PDF,"One Municipal Plaza, Beacon, NY  12508",application/pdf
07-18-17-zoning_board_of_appeals_meeting-agenda,07/18/17,Zoning Board of Appeals Meeting - 07/18/17,Zoning Board of Appeals Meeting,Agenda PDF,One Municipal Plaza - Courtroom,application/pdf
07-18-17-zoning_board_of_appeals_meeting-minutes,07/18/17,Zoning Board of Appeals Meeting - 07/18/17,Zoning Board of Appeals Meeting,Minutes PDF,One Municipal Plaza - Courtroom,application/pdf
07-17-17-city_council_meeting-agenda,07/17/17,City Council Meeting - 07/17/17,City Council Meeting,Agenda PDF,"One Municipal Plaza, Beacon, NY  12508",application/pdf
07-17-17-city_council_meeting-minutes,07/17/17,City Council Meeting - 07/17/17,City Council Meeting,Minutes PDF,"One Municipal Plaza, Beacon, NY  12508",application/pdf
07-11-17-planning_board_meeting-agenda,07/11/17,Planning Board Meeting - 07/11/17,Planning Board Meeting,Agenda PDF,One Municipal Plaza - Courtroom,application/pdf
07-11-17-planning_board_meeting-minutes,07/11/17,Planning Board Meeting - 07/11/17,Planning Board Meeting,Minutes PDF,One Municipal Plaza - Courtroom,application/pdf
07-10-17-city_council_workshop-agenda,07/10/17,City Council Workshop - 07/10/17,City Council Workshop,Agenda PDF,"One Municipal Plaza, Beacon, NY  12508",application/pdf
07-03-17-city_council_meeting-agenda,07/03/17,City Council Meeting - 07/03/17,City Council Meeting,Agenda PDF,"One Municipal Plaza, Beacon, NY  12508",application/pdf
07-03-17-city_council_meeting-minutes,07/03/17,City Council Meeting - 07/03/17,City Council Meeting,Minutes PDF,"One Municipal Plaza, Beacon, NY  12508",application/pdf
07-03-17-city_council_workshop-agenda,07/03/17,City Council Workshop - 07/03/17,City Council Workshop,Agenda PDF,"One Municipal Plaza, Beacon, NY  12508",application/pdf
06-26-17-city_council_workshop-agenda,06/26/17,City Council Workshop - 06/26/17,City Council Workshop,Agenda PDF,"One Municipal Plaza, Beacon, NY  12508",application/pdf
06-20-17-zoning_board_of_appeals_meeting-agenda,06/20/17,Zoning Board of Appeals Meeting - 06/20/17,Zoning Board of Appeals Meeting,Agenda PDF,One Municipal Plaza - Courtroom,application/pdf
06-20-17-zoning_board_of_appeals_meeting-minutes,06/20/17,Zoning Board of Appeals Meeting - 06/20/17,Zoning Board of Appeals Meeting,Minutes PDF,One Municipal Plaza - Courtroom,application/pdf
06-19-17-city_council_meeting-agenda,06/19/17,City Council Meeting - 06/19/17,City Council Meeting,Agenda PDF,"One Municipal Plaza, Beacon, NY  12508",application/pdf
06-19-17-city_council_meeting-minutes,06/19/17,City Council Meeting - 06/19/17,City Council Meeting,Minutes PDF,"One Municipal Plaza, Beacon, NY  12508",application/pdf
06-13-17-planning_board_meeting-agenda,06/13/17,Planning Board Meeting - 06/13/17,Planning Board Meeting,Agenda PDF,One Municipal Plaza - Courtroom,application/pdf
06-12-17-city_council_workshop-agenda,06/12/17,City Council Workshop - 06/12/17,City Council Workshop,Agenda PDF,"One Municipal Plaza, Beacon, NY  12508",application/pdf
06-05-17-city_council_meeting-agenda,06/05/17,City Council Meeting - 06/05/17,City Council Meeting,Agenda PDF,"One Municipal Plaza, Beacon, NY  12508",application/pdf
06-05-17-city_council_meeting-minutes,06/05/17,City Council Meeting - 06/05/17,City Council Meeting,Minutes PDF,"One Municipal Plaza, Beacon, NY  12508",application/pdf
05-30-17-city_council_workshop-agenda,05/30/17,City Council Workshop - 05/30/17,City Council Workshop,Agenda PDF,"One Municipal Plaza, Beacon, NY  12508",application/pdf
05-16-17-zoning_board_of_appeals_meeting-agenda,05/16/17,Zoning Board of Appeals Meeting - 05/16/17,Zoning Board of Appeals Meeting,Agenda PDF,One Municipal Plaza - Courtroom,application/pdf
05-16-17-zoning_board_of_appeals_meeting-minutes,05/16/17,Zoning Board of Appeals Meeting - 05/16/17,Zoning Board of Appeals Meeting,Minutes PDF,One Municipal Plaza - Courtroom,application/pdf
05-15-17-city_council_meeting-agenda,05/15/17,City Council Meeting - 05/15/17,City Council Meeting,Agenda PDF,"One Municipal Plaza, Beacon, NY  12508",application/pdf
05-15-17-city_council_meeting-minutes,05/15/17,City Council Meeting - 05/15/17,City Council Meeting,Minutes PDF,"One Municipal Plaza, Beacon, NY  12508",application/pdf
05-09-17-planning_board_meeting-agenda,05/09/17,Planning Board Meeting - 05/09/17,Planning Board Meeting,Agenda PDF,One Municipal Plaza - Courtroom,application/pdf
05-09-17-planning_board_meeting-minutes,05/09/17,Planning Board Meeting - 05/09/17,Planning Board Meeting,Minutes PDF,One Municipal Plaza - Courtroom,application/pdf
05-08-17-city_council_workshop-agenda,05/08/17,City Council Workshop - 05/08/17,City Council Workshop,Agenda PDF,"One Municipal Plaza, Beacon, NY  12508",application/pdf
05-01-17-city_council_meeting-agenda,05/01/17,City Council Meeting - 05/01/17,City Council Meeting,Agenda PDF,"One Municipal Plaza, Beacon, NY  12508",application/pdf
05-01-17-city_council_meeting-minutes,05/01/17,City Council Meeting - 05/01/17,City Council Meeting,Minutes PDF,"One Municipal Plaza, Beacon, NY  12508",application/pdf
04-24-17-city_council_workshop-agenda,04/24/17,City Council Workshop - 04/24/17,City Council Workshop,Agenda PDF,"One Municipal Plaza, Beacon, NY  12508",application/pdf
04-18-17-zoning_board_of_appeals_meeting-agenda,04/18/17,Zoning Board of Appeals Meeting - 04/18/17,Zoning Board of Appeals Meeting,Agenda PDF,One Municipal Plaza - Courtroom,application/pdf
04-18-17-zoning_board_of_appeals_meeting-minutes,04/18/17,Zoning Board of Appeals Meeting - 04/18/17,Zoning Board of Appeals Meeting,Minutes PDF,One Municipal Plaza - Courtroom,application/pdf
04-17-17-city_council_meeting-agenda,04/17/17,City Council Meeting - 04/17/17,City Council Meeting,Agenda PDF,"One Municipal Plaza, Beacon, NY  12508",application/pdf
04-17-17-city_council_meeting-minutes,04/17/17,City Council Meeting - 04/17/17,City Council Meeting,Minutes PDF,"One Municipal Plaza, Beacon, NY  12508",application/pdf
04-11-17-planning_board_meeting-agenda,04/11/17,Planning Board Meeting - 04/11/17,Planning Board Meeting,Agenda PDF,One Municipal Plaza - Courtroom,application/pdf
04-11-17-planning_board_meeting-minutes,04/11/17,Planning Board Meeting - 04/11/17,Planning Board Meeting,Minutes PDF,One Municipal Plaza - Courtroom,application/pdf
04-10-17-city_council_workshop-agenda,04/10/17,City Council Workshop - 04/10/17,City Council Workshop,Agenda PDF,"One Municipal Plaza, Beacon, NY  12508",application/pdf
04-03-17-city_council_meeting-agenda,04/03/17,City Council Meeting - 04/03/17,City Council Meeting,Agenda PDF,"One Municipal Plaza, Beacon, NY  12508",application/pdf
04-03-17-city_council_meeting-minutes,04/03/17,City Council Meeting - 04/03/17,City Council Meeting,Minutes PDF,"One Municipal Plaza, Beacon, NY  12508",application/pdf
03-27-17-city_council_workshop-agenda,03/27/17,City Council Workshop - 03/27/17,City Council Workshop,Agenda PDF,"One Municipal Plaza, Beacon, NY  12508",application/pdf
03-22-17-planning_board_meeting-agenda,03/22/17,Planning Board Meeting - 03/22/17,Planning Board Meeting,Agenda PDF,One Municipal Plaza - Courtroom,application/pdf
03-22-17-planning_board_meeting-minutes,03/22/17,Planning Board Meeting - 03/22/17,Planning Board Meeting,Minutes PDF,One Municipal Plaza - Courtroom,application/pdf
03-21-17-zoning_board_of_appeals_meeting-agenda,03/21/17,Zoning Board of Appeals Meeting - 03/21/17,Zoning Board of Appeals Meeting,Agenda PDF,One Municipal Plaza - Courtroom,application/pdf
03-21-17-zoning_board_of_appeals_meeting-minutes,03/21/17,Zoning Board of Appeals Meeting - 03/21/17,Zoning Board of Appeals Meeting,Minutes PDF,One Municipal Plaza - Courtroom,application/pdf
03-20-17-city_council_meeting-agenda,03/20/17,City Council Meeting - 03/20/17,City Council Meeting,Agenda PDF,"One Municipal Plaza, Beacon, NY  12508",application/pdf
03-20-17-city_council_meeting-minutes,03/20/17,City Council Meeting - 03/20/17,City Council Meeting,Minutes PDF,"One Municipal Plaza, Beacon, NY  12508",application/pdf
03-13-17-city_council_workshop-agenda,03/13/17,City Council Workshop - 03/13/17,City Council Workshop,Agenda PDF,"One Municipal Plaza, Beacon, NY  12508",application/pdf
03-06-17-city_council_meeting-agenda,03/06/17,City Council Meeting - 03/06/17,City Council Meeting,Agenda PDF,"One Municipal Plaza, Beacon, NY  12508",application/pdf
03-06-17-city_council_meeting-minutes,03/06/17,City Council Meeting - 03/06/17,City Council Meeting,Minutes PDF,"One Municipal Plaza, Beacon, NY  12508",application/pdf
02-27-17-city_council_workshop-agenda,02/27/17,City Council Workshop - 02/27/17,City Council Workshop,Agenda PDF,"One Municipal Plaza, Beacon, NY  12508",application/pdf
02-22-17-zoning_board_of_appeals_meeting-agenda,02/22/17,Zoning Board of Appeals Meeting - 02/22/17,Zoning Board of Appeals Meeting,Agenda PDF,One Municipal Plaza - Courtroom,application/pdf
02-22-17-zoning_board_of_appeals_meeting-minutes,02/22/17,Zoning Board of Appeals Meeting - 02/22/17,Zoning Board of Appeals Meeting,Minutes PDF,One Municipal Plaza - Courtroom,application/pdf
02-21-17-city_council_meeting-agenda,02/21/17,City Council Meeting - 02/21/17,City Council Meeting,Agenda PDF,"One Municipal Plaza, Beacon, NY  12508",application/pdf
02-21-17-city_council_meeting-minutes,02/21/17,City Council Meeting - 02/21/17,City Council Meeting,Minutes PDF,"One Municipal Plaza, Beacon, NY  12508",application/pdf
02-15-17-planning_board_meeting-agenda,02/15/17,Planning Board Meeting - 02/15/17,Planning Board Meeting,Agenda PDF,One Municipal Plaza - Courtroom,application/pdf
02-15-17-planning_board_meeting-minutes,02/15/17,Planning Board Meeting - 02/15/17,Planning Board Meeting,Minutes PDF,One Municipal Plaza - Courtroom,application/pdf
02-14-17-city_council_workshop-agenda,02/14/17,City Council Workshop - 02/14/17,City Council Workshop,Agenda PDF,"One Municipal Plaza, Beacon, NY  12508",application/pdf
02-06-17-city_council_meeting-agenda,02/06/17,City Council Meeting - 02/06/17,City Council Meeting,Agenda PDF,"One Municipal Plaza, Beacon, NY  12508",application/pdf
02-06-17-city_council_meeting-minutes,02/06/17,City Council Meeting - 02/06/17,City Council Meeting,Minutes PDF,"One Municipal Plaza, Beacon, NY  12508",application/pdf
01-30-17-city_council_workshop-agenda,01/30/17,City Council Workshop - 01/30/17,City Council Workshop,Agenda PDF,"One Municipal Plaza, Beacon, NY  12508",application/pdf
01-18-17-zoning_board_of_appeals_meeting-agenda,01/18/17,Zoning Board of Appeals Meeting - 01/18/17,Zoning Board of Appeals Meeting,Agenda PDF,One Municipal Plaza - Courtroom,application/pdf
01-18-17-zoning_board_of_appeals_meeting-minutes,01/18/17,Zoning Board of Appeals Meeting - 01/18/17,Zoning Board of Appeals Meeting,Minutes PDF,One Municipal Plaza - Courtroom,application/pdf
01-17-17-city_council_meeting-agenda,01/17/17,City Council Meeting - 01/17/17,City Council Meeting,Agenda PDF,"One Municipal Plaza, Beacon, NY  12508",application/pdf
01-17-17-city_council_meeting-minutes,01/17/17,City Council Meeting - 01/17/17,City Council Meeting,Minutes PDF,"One Municipal Plaza, Beacon, NY  12508",application/pdf
01-10-17-planning_board_meeting-agenda,01/10/17,Planning Board Meeting - 01/10/17,Planning Board Meeting,Agenda PDF,One Municipal Plaza - Courtroom,application/pdf
01-10-17-planning_board_meeting-minutes,01/10/17,Planning Board Meeting - 01/10/17,Planning Board Meeting,Minutes PDF,One Municipal Plaza - Courtroom,application/pdf
01-09-17-city_council_workshop-agenda,01/09/17,City Council Workshop - 01/09/17,City Council Workshop,Agenda PDF,"One Municipal Plaza, Beacon, NY  12508",application/pdf
01-03-17-city_council_meeting-agenda,01/03/17,City Council Meeting - 01/03/17,City Council Meeting,Agenda PDF,"One Municipal Plaza, Beacon, NY  12508",application/pdf
01-03-17-city_council_meeting-minutes,01/03/17,City Council Meeting - 01/03/17,City Council Meeting,Minutes PDF,"One Municipal Plaza, Beacon, NY  12508",application/pdf
01-02-17-city_council_workshop-agenda,01/02/17,City Council Workshop - 01/02/17,City Council Workshop,Agenda PDF,"One Municipal Plaza, Beacon, NY  12508",application/pdf
12-20-16-zoning_board_of_appeals_meeting-agenda,12/20/16,Zoning Board of Appeals Meeting - 12/20/16,Zoning Board of Appeals Meeting,Agenda PDF,One Municipal Plaza - Courtroom,application/pdf
12-19-16-city_council_meeting-agenda,12/19/16,City Council Meeting - 12/19/16,City Council Meeting,Agenda PDF,"One Municipal Plaza, Beacon, NY  12508",application/pdf
12-19-16-city_council_meeting-minutes,12/19/16,City Council Meeting - 12/19/16,City Council Meeting,Minutes PDF,"One Municipal Plaza, Beacon, NY  12508",application/pdf
12-13-16-planning_board_meeting-agenda,12/13/16,Planning Board Meeting - 12/13/16,Planning Board Meeting,Agenda PDF,One Municipal Plaza - Courtroom,application/pdf
12-13-16-planning_board_meeting-minutes,12/13/16,Planning Board Meeting - 12/13/16,Planning Board Meeting,Minutes PDF,One Municipal Plaza - Courtroom,application/pdf
12-12-16-city_council_workshop-agenda,12/12/16,City Council Workshop - 12/12/16,City Council Workshop,Agenda PDF,"One Municipal Plaza, Beacon, NY  12508",application/pdf
12-05-16-city_council_meeting-agenda,12/05/16,City Council Meeting - 12/05/16,City Council Meeting,Agenda PDF,"One Municipal Plaza, Beacon, NY  12508",application/pdf
12-05-16-city_council_meeting-minutes,12/05/16,City Council Meeting - 12/05/16,City Council Meeting,Minutes PDF,"One Municipal Plaza, Beacon, NY  12508",application/pdf
11-28-16-city_council_workshop-agenda,11/28/16,City Council Workshop - 11/28/16,City Council Workshop,Agenda PDF,"One Municipal Plaza, Beacon, NY  12508",application/pdf
11-21-16-city_council_meeting-agenda,11/21/16,City Council Meeting - 11/21/16,City Council Meeting,Agenda PDF,"One Municipal Plaza, Beacon, NY  12508",application/pdf
11-21-16-city_council_meeting-minutes,11/21/16,City Council Meeting - 11/21/16,City Council Meeting,Minutes PDF,"One Municipal Plaza, Beacon, NY  12508",application/pdf
11-15-16-zoning_board_of_appeals_meeting-agenda,11/15/16,Zoning Board of Appeals Meeting - 11/15/16,Zoning Board of Appeals Meeting,Agenda PDF,One Municipal Plaza - Courtroom,application/pdf
11-15-16-zoning_board_of_appeals_meeting-minutes,11/15/16,Zoning Board of Appeals Meeting - 11/15/16,Zoning Board of Appeals Meeting,Minutes PDF,One Municipal Plaza - Courtroom,application/pdf
11-14-16-city_council_workshop-agenda,11/14/16,City Council Workshop - 11/14/16,City Council Workshop,Agenda PDF,"One Municipal Plaza, Beacon, NY  12508",application/pdf
11-09-16-planning_board_meeting-agenda,11/09/16,Planning Board Meeting - 11/09/16,Planning Board Meeting,Agenda PDF,One Municipal Plaza - Courtroom,application/pdf
11-09-16-planning_board_meeting-minutes,11/09/16,Planning Board Meeting - 11/09/16,Planning Board Meeting,Minutes PDF,One Municipal Plaza - Courtroom,application/pdf
11-07-16-city_council_meeting-agenda,11/07/16,City Council Meeting - 11/07/16,City Council Meeting,Agenda PDF,"One Municipal Plaza, Beacon, NY  12508",application/pdf
11-07-16-city_council_meeting-minutes,11/07/16,City Council Meeting - 11/07/16,City Council Meeting,Minutes PDF,"One Municipal Plaza, Beacon, NY  12508",application/pdf
10-24-16-city_council_workshop-agenda,10/24/16,City Council Workshop - 10/24/16,City Council Workshop,Agenda PDF,"One Municipal Plaza, Beacon, NY  12508",application/pdf
10-18-16-zoning_board_of_appeals_meeting-agenda,10/18/16,Zoning Board of Appeals Meeting - 10/18/16,Zoning Board of Appeals Meeting,Agenda PDF,One Municipal Plaza - Courtroom,application/pdf
10-18-16-zoning_board_of_appeals_meeting-minutes,10/18/16,Zoning Board of Appeals Meeting - 10/18/16,Zoning Board of Appeals Meeting,Minutes PDF,One Municipal Plaza - Courtroom,application/pdf
10-17-16-city_council_meeting-agenda,10/17/16,City Council Meeting - 10/17/16,City Council Meeting,Agenda PDF,"One Municipal Plaza, Beacon, NY  12508",application/pdf
10-12-16-planning_board_meeting-agenda,10/12/16,Planning Board Meeting - 10/12/16,Planning Board Meeting,Agenda PDF,One Municipal Plaza - Courtroom,application/pdf
10-12-16-planning_board_meeting-minutes,10/12/16,Planning Board Meeting - 10/12/16,Planning Board Meeting,Minutes PDF,One Municipal Plaza - Courtroom,application/pdf
10-11-16-city_council_workshop-agenda,10/11/16,City Council Workshop - 10/11/16,City Council Workshop,Agenda PDF,"One Municipal Plaza, Beacon, NY  12508",application/pdf
10-03-16-city_council_meeting-agenda,10/03/16,City Council Meeting - 10/03/16,City Council Meeting,Agenda PDF,"One Municipal Plaza, Beacon, NY  12508",application/pdf
09-26-16-city_council_workshop-agenda,09/26/16,City Council Workshop - 09/26/16,City Council Workshop,Agenda PDF,"One Municipal Plaza, Beacon, NY  12508",application/pdf
09-20-16-zoning_board_of_appeals_meeting-agenda,09/20/16,Zoning Board of Appeals Meeting - 09/20/16,Zoning Board of Appeals Meeting,Agenda PDF,One Municipal Plaza - Courtroom,application/pdf
09-20-16-zoning_board_of_appeals_meeting-minutes,09/20/16,Zoning Board of Appeals Meeting - 09/20/16,Zoning Board of Appeals Meeting,Minutes PDF,One Municipal Plaza - Courtroom,application/pdf
09-19-16-city_council_meeting-agenda,09/19/16,City Council Meeting - 09/19/16,City Council Meeting,Agenda PDF,"One Municipal Plaza, Beacon, NY  12508",application/pdf
09-13-16-planning_board_meeting-agenda,09/13/16,Planning Board Meeting - 09/13/16,Planning Board Meeting,Agenda PDF,One Municipal Plaza - Courtroom,application/pdf
09-13-16-planning_board_meeting-minutes,09/13/16,Planning Board Meeting - 09/13/16,Planning Board Meeting,Minutes PDF,One Municipal Plaza - Courtroom,application/pdf
09-12-16-city_council_workshop-agenda,09/12/16,City Council Workshop - 09/12/16,City Council Workshop,Agenda PDF,"One Municipal Plaza, Beacon, NY  12508",application/pdf
09-06-16-city_council_meeting-agenda,09/06/16,City Council Meeting - 09/06/16,City Council Meeting,Agenda PDF,"One Municipal Plaza, Beacon, NY  12508",application/pdf
09-06-16-city_council_meeting-minutes,09/06/16,City Council Meeting - 09/06/16,City Council Meeting,Minutes PDF,"One Municipal Plaza, Beacon, NY  12508",application/pdf
08-29-16-city_council_workshop-agenda,08/29/16,City Council Workshop - 08/29/16,City Council Workshop,Agenda PDF,"One Municipal Plaza, Beacon, NY  12508",application/pdf
08-15-16-city_council_meeting-agenda,08/15/16,City Council Meeting - 08/15/16,City Council Meeting,Agenda PDF,"One Municipal Plaza, Beacon, NY  12508",application/pdf
08-15-16-city_council_meeting-minutes,08/15/16,City Council Meeting - 08/15/16,City Council Meeting,Minutes PDF,"One Municipal Plaza, Beacon, NY  12508",application/pdf
08-09-16-planning_board_meeting-agenda,08/09/16,Planning Board Meeting - 08/09/16,Planning Board Meeting,Agenda PDF,One Municipal Plaza - Courtroom,application/pdf
08-09-16-planning_board_meeting-minutes,08/09/16,Planning Board Meeting - 08/09/16,Planning Board Meeting,Minutes PDF,One Municipal Plaza - Courtroom,application/pdf
08-08-16-city_council_workshop-agenda,08/08/16,City Council Workshop - 08/08/16,City Council Workshop,Agenda PDF,"One Municipal Plaza, Beacon, NY  12508",application/pdf
08-01-16-city_council_meeting-agenda,08/01/16,City Council Meeting - 08/01/16,City Council Meeting,Agenda PDF,"One Municipal Plaza, Beacon NY  12508",application/pdf
08-01-16-city_council_meeting-minutes,08/01/16,City Council Meeting - 08/01/16,City Council Meeting,Minutes PDF,"One Municipal Plaza, Beacon NY  12508",application/pdf
07-25-16-city_council_workshop-agenda,07/25/16,City Council Workshop - 07/25/16,City Council Workshop,Agenda PDF,"One Municipal Plaza, Beacon, NY  12508",application/pdf
07-19-16-zoning_board_of_appeals_meeting-agenda,07/19/16,Zoning Board of Appeals Meeting - 07/19/16,Zoning Board of Appeals Meeting,Agenda PDF,One Municipal Plaza - Courtroom,application/pdf
07-19-16-zoning_board_of_appeals_meeting-minutes,07/19/16,Zoning Board of Appeals Meeting - 07/19/16,Zoning Board of Appeals Meeting,Minutes PDF,One Municipal Plaza - Courtroom,application/pdf
07-18-16-city_council_meeting-agenda,07/18/16,City Council Meeting - 07/18/16,City Council Meeting,Agenda PDF,"One Municipal Plaza, Beacon, NY  12508",application/pdf
07-18-16-city_council_meeting-minutes,07/18/16,City Council Meeting - 07/18/16,City Council Meeting,Minutes PDF,"One Municipal Plaza, Beacon, NY  12508",application/pdf
07-12-16-planning_board_meeting-agenda,07/12/16,Planning Board Meeting - 07/12/16,Planning Board Meeting,Agenda PDF,One Municipal Plaza - Courtroom,application/pdf
07-12-16-planning_board_meeting-minutes,07/12/16,Planning Board Meeting - 07/12/16,Planning Board Meeting,Minutes PDF,One Municipal Plaza - Courtroom,application/pdf
07-11-16-city_council_workshop-agenda,07/11/16,City Council Workshop - 07/11/16,City Council Workshop,Agenda PDF,"One Municipal Plaza, Beacon, NY  12508",application/pdf
07-05-16-city_council_meeting-agenda,07/05/16,City Council Meeting - 07/05/16,City Council Meeting,Agenda PDF,"One Municipal Plaza, Beacon, NY  12508",application/pdf
07-05-16-city_council_meeting-minutes,07/05/16,City Council Meeting - 07/05/16,City Council Meeting,Minutes PDF,"One Municipal Plaza, Beacon, NY  12508",application/pdf
06-27-16-city_council_workshop-agenda,06/27/16,City Council Workshop - 06/27/16,City Council Workshop,Agenda PDF,"One Municipal Plaza, Beacon, NY  12508",application/pdf
06-21-16-zoning_board_of_appeals_meeting-agenda,06/21/16,Zoning Board of Appeals Meeting - 06/21/16,Zoning Board of Appeals Meeting,Agenda PDF,One Municipal Plaza - Courtroom,application/pdf
06-21-16-zoning_board_of_appeals_meeting-minutes,06/21/16,Zoning Board of Appeals Meeting - 06/21/16,Zoning Board of Appeals Meeting,Minutes PDF,One Municipal Plaza - Courtroom,application/pdf
06-20-16-city_council_meeting-agenda,06/20/16,City Council Meeting - 06/20/16,City Council Meeting,Agenda PDF,"One Municipal Plaza, Beacon, NY  12508",application/pdf
06-14-16-planning_board_meeting-agenda,06/14/16,Planning Board Meeting - 06/14/16,Planning Board Meeting,Agenda PDF,One Municipal Plaza - Courtroom,application/pdf
06-14-16-planning_board_meeting-minutes,06/14/16,Planning Board Meeting - 06/14/16,Planning Board Meeting,Minutes PDF,One Municipal Plaza - Courtroom,application/pdf
06-13-16-city_council_workshop-agenda,06/13/16,City Council Workshop - 06/13/16,City Council Workshop,Agenda PDF,"One Municipal Plaza, Beacon, NY  12508",application/pdf
06-06-16-city_council_meeting-agenda,06/06/16,City Council Meeting - 06/06/16,City Council Meeting,Agenda PDF,"One Municipal Plaza, Beacon, NY  12508",application/pdf
05-31-16-city_council_workshop-agenda,05/31/16,City Council Workshop - 05/31/16,City Council Workshop,Agenda PDF,"One Municipal Plaza, Beacon, NY  12508",application/pdf
05-17-16-zoning_board_of_appeals_meeting-agenda,05/17/16,Zoning Board of Appeals Meeting - 05/17/16,Zoning Board of Appeals Meeting,Agenda PDF,One Municipal Plaza - Courtroom,application/pdf
05-17-16-zoning_board_of_appeals_meeting-minutes,05/17/16,Zoning Board of Appeals Meeting - 05/17/16,Zoning Board of Appeals Meeting,Minutes PDF,One Municipal Plaza - Courtroom,application/pdf
05-16-16-city_council_meeting-agenda,05/16/16,City Council Meeting - 05/16/16,City Council Meeting,Agenda PDF,"One Municipal Plaza, Beacon, NY  12508",application/pdf
05-16-16-city_council_meeting-minutes,05/16/16,City Council Meeting - 05/16/16,City Council Meeting,Minutes PDF,"One Municipal Plaza, Beacon, NY  12508",application/pdf
05-10-16-planning_board_meeting-agenda,05/10/16,Planning Board Meeting - 05/10/16,Planning Board Meeting,Agenda PDF,One Municipal Plaza - Courtroom,application/pdf
05-10-16-planning_board_meeting-minutes,05/10/16,Planning Board Meeting - 05/10/16,Planning Board Meeting,Minutes PDF,One Municipal Plaza - Courtroom,application/pdf
05-09-16-city_council_workshop-agenda,05/09/16,City Council Workshop - 05/09/16,City Council Workshop,Agenda PDF,"One Municipal Plaza, Beacon, NY  12508",application/pdf
05-02-16-city_council_meeting-agenda,05/02/16,City Council Meeting - 05/02/16,City Council Meeting,Agenda PDF,"One Municipal Plaza, Beacon, NY  12508",application/pdf
05-02-16-city_council_meeting-minutes,05/02/16,City Council Meeting - 05/02/16,City Council Meeting,Minutes PDF,"One Municipal Plaza, Beacon, NY  12508",application/pdf
04-25-16-city_council_workshop-agenda,04/25/16,City Council Workshop - 04/25/16,City Council Workshop,Agenda PDF,"One Municipal Plaza, Beacon, NY  12508",application/pdf
04-19-16-zoning_board_of_appeals_meeting-agenda,04/19/16,Zoning Board of Appeals Meeting - 04/19/16,Zoning Board of Appeals Meeting,Agenda PDF,Municipal Center - Courtroom,application/pdf
04-18-16-city_council_meeting-agenda,04/18/16,City Council Meeting - 04/18/16,City Council Meeting,Agenda PDF,"One Municipal Plaza, Beacon, NY  12508",application/pdf
04-12-16-planning_board_meeting-agenda,04/12/16,Planning Board Meeting - 04/12/16,Planning Board Meeting,Agenda PDF,One Municipal Plaza - Courtroom,application/pdf
04-12-16-planning_board_meeting-minutes,04/12/16,Planning Board Meeting - 04/12/16,Planning Board Meeting,Minutes PDF,One Municipal Plaza - Courtroom,application/pdf
04-11-16-city_council_workshop-agenda,04/11/16,City Council Workshop - 04/11/16,City Council Workshop,Agenda PDF,"One Municipal Plaza, Beacon, NY  12508",application/pdf
04-04-16-city_council_meeting-agenda,04/04/16,City Council Meeting - 04/04/16,City Council Meeting,Agenda PDF,"One Municipal Plaza, Beacon, NY  12508",application/pdf
04-04-16-city_council_meeting-minutes,04/04/16,City Council Meeting - 04/04/16,City Council Meeting,Minutes PDF,"One Municipal Plaza, Beacon, NY  12508",application/pdf
03-28-16-city_council_workshop-agenda,03/28/16,City Council Workshop - 03/28/16,City Council Workshop,Agenda PDF,"One Municipal Plaza, Beacon, NY  12508",application/pdf
03-21-16-city_council_meeting-agenda,03/21/16,City Council Meeting - 03/21/16,City Council Meeting,Agenda PDF,"One Municipal Plaza, Beacon, NY  12508",application/pdf
03-21-16-city_council_meeting-minutes,03/21/16,City Council Meeting - 03/21/16,City Council Meeting,Minutes PDF,"One Municipal Plaza, Beacon, NY  12508",application/pdf
03-14-16-city_council_workshop-agenda,03/14/16,City Council Workshop - 03/14/16,City Council Workshop,Agenda PDF,"One Municipal Plaza, Beacon, NY  12508",application/pdf
03-08-16-planning_board_meeting-agenda,03/08/16,Planning Board Meeting - 03/08/16,Planning Board Meeting,Agenda PDF,One Municipal Plaza - Courtroom,application/pdf
03-08-16-planning_board_meeting-minutes,03/08/16,Planning Board Meeting - 03/08/16,Planning Board Meeting,Minutes PDF,One Municipal Plaza - Courtroom,application/pdf
03-07-16-city_council_meeting-agenda,03/07/16,City Council Meeting - 03/07/16,City Council Meeting,Agenda PDF,"One Municipal Plaza, Beacon, NY  12508",application/pdf
03-07-16-city_council_meeting-minutes,03/07/16,City Council Meeting - 03/07/16,City Council Meeting,Minutes PDF,"One Municipal Plaza, Beacon, NY  12508",application/pdf
02-29-16-city_council_workshop-agenda,02/29/16,City Council Workshop - 02/29/16,City Council Workshop,Agenda PDF,"One Municipal Plaza, Beacon, NY  12508",application/pdf
02-16-16-city_council_meeting-agenda,02/16/16,City Council Meeting - 02/16/16,City Council Meeting,Agenda PDF,"One Municipal Plaza, Beacon, NY 12508",application/pdf
02-16-16-city_council_meeting-minutes,02/16/16,City Council Meeting - 02/16/16,City Council Meeting,Minutes PDF,"One Municipal Plaza, Beacon, NY 12508",application/pdf
02-09-16-planning_board_meeting-agenda,02/09/16,Planning Board Meeting - 02/09/16,Planning Board Meeting,Agenda PDF,One Municipal Plaza - Courtroom,application/pdf
02-09-16-planning_board_meeting-minutes,02/09/16,Planning Board Meeting - 02/09/16,Planning Board Meeting,Minutes PDF,One Municipal Plaza - Courtroom,application/pdf
02-08-16-city_council_workshop-agenda,02/08/16,City Council Workshop - 02/08/16,City Council Workshop,Agenda PDF,One Muncipal Plaza,application/pdf
02-01-16-city_council_meeting-agenda,02/01/16,City Council Meeting - 02/01/16,City Council Meeting,Agenda PDF,"One Municipal Plaza, Beacon, NY  12508",application/pdf
01-25-16-city_council_workshop-agenda,01/25/16,City Council Workshop - 01/25/16,City Council Workshop,Agenda PDF,One Muncipal Plaza,application/pdf
01-19-16-city_council_meeting-agenda,01/19/16,City Council Meeting - 01/19/16,City Council Meeting,Agenda PDF,"One Municipal Plaza, Beacon, NY  12508",application/pdf
01-19-16-city_council_meeting-minutes,01/19/16,City Council Meeting - 01/19/16,City Council Meeting,Minutes PDF,"One Municipal Plaza, Beacon, NY  12508",application/pdf
01-12-16-planning_board_meeting-agenda,01/12/16,Planning Board Meeting - 01/12/16,Planning Board Meeting,Agenda PDF,One Municipal Plaza - Courtroom,application/pdf
01-12-16-planning_board_meeting-minutes,01/12/16,Planning Board Meeting - 01/12/16,Planning Board Meeting,Minutes PDF,One Municipal Plaza - Courtroom,application/pdf
01-11-16-city_council_workshop-agenda,01/11/16,City Council Workshop - 01/11/16,City Council Workshop,Agenda PDF,One Muncipal Plaza,application/pdf
01-04-16-city_council_meeting-agenda,01/04/16,City Council Meeting - 01/04/16,City Council Meeting,Agenda PDF,"One Municipal Plaza, Beacon, NY  12508",application/pdf
01-04-16-city_council_meeting-minutes,01/04/16,City Council Meeting - 01/04/16,City Council Meeting,Minutes PDF,"One Municipal Plaza, Beacon, NY  12508",application/pdf
01-04-16-city_council_workshop-agenda,01/04/16,City Council Workshop - 01/04/16,City Council Workshop,Agenda PDF,One Municipal Plaza,application/pdf
